-- phpMyAdmin SQL Dump
-- version 5.2.1
-- https://www.phpmyadmin.net/
--
-- Host: 127.0.0.1
-- Tempo de geração: 05/11/2025 às 06:58
-- Versão do servidor: 10.4.32-MariaDB
-- Versão do PHP: 8.0.30

SET SQL_MODE = "NO_AUTO_VALUE_ON_ZERO";
START TRANSACTION;
SET time_zone = "+00:00";


/*!40101 SET @OLD_CHARACTER_SET_CLIENT=@@CHARACTER_SET_CLIENT */;
/*!40101 SET @OLD_CHARACTER_SET_RESULTS=@@CHARACTER_SET_RESULTS */;
/*!40101 SET @OLD_COLLATION_CONNECTION=@@COLLATION_CONNECTION */;
/*!40101 SET NAMES utf8mb4 */;

--
-- Banco de dados: `agro`
--

-- --------------------------------------------------------

--
-- Estrutura para tabela `culturas`
--

CREATE TABLE `culturas` (
  `id` int(11) NOT NULL,
  `cultura` varchar(14) NOT NULL,
  `agua_litros_m2` tinyint(4) DEFAULT NULL,
  `frequencia_irrigacao_dias` tinyint(4) NOT NULL
) ENGINE=InnoDB DEFAULT CHARSET=utf8mb4 COLLATE=utf8mb4_unicode_ci;

--
-- Despejando dados para a tabela `culturas`
--

INSERT INTO `culturas` (`id`, `cultura`, `agua_litros_m2`, `frequencia_irrigacao_dias`) VALUES
(1, 'Abobrinha', 6, 3),
(2, 'Melão', 10, 4),
(3, 'Pepino', 7, 2),
(4, 'Morango', 8, 3),
(5, 'Cenoura', 6, 2),
(6, 'Soja', 6, 4),
(7, 'Milho', 8, 3),
(8, 'Cana-de-açúcar', 15, 2),
(9, 'Café', 5, 6),
(10, 'Arroz', 12, 2),
(11, 'Feijão', 6, 4),
(12, 'Trigo', 5, 5),
(13, 'Algodão', 9, 3),
(14, 'Laranja', 10, 4),
(15, 'Banana', 12, 3),
(16, 'Tomate', 10, 2),
(17, 'Batata', 7, 3),
(18, 'Uva', 8, 5),
(19, 'Cacau', 14, 3),
(20, 'Mandioca', 10, 3),
(21, 'Abacaxi', 11, 4),
(22, 'Melancia', 10, 3),
(23, 'Mamão', 8, 4),
(24, 'Manga', 9, 5),
(25, 'Cebola', 6, 4),
(26, 'Alface', 3, 1),
(27, 'Pimenta', 4, 3),
(28, 'Couve', 4, 2),
(29, 'Repolho', 5, 3),
(30, 'Beterraba', 5, 3);

-- --------------------------------------------------------

--
-- Estrutura para tabela `esp32_agendamentos`
--

CREATE TABLE `esp32_agendamentos` (
  `id` bigint(20) UNSIGNED NOT NULL,
  `fk_esp32_dispositivos` int(11) NOT NULL,
  `when_local` datetime NOT NULL,
  `pump_seconds` int(10) UNSIGNED NOT NULL,
  `delivered_at` datetime DEFAULT NULL,
  `voltage` decimal(4,2) NOT NULL,
  `flow_lps` decimal(10,6) NOT NULL,
  `estimated_liters` decimal(12,3) NOT NULL,
  `criado_em` timestamp NOT NULL DEFAULT current_timestamp(),
  `update_em` timestamp NOT NULL DEFAULT current_timestamp() ON UPDATE current_timestamp()
) ENGINE=InnoDB DEFAULT CHARSET=utf8mb4 COLLATE=utf8mb4_general_ci;

--
-- Despejando dados para a tabela `esp32_agendamentos`
--

INSERT INTO `esp32_agendamentos` (`id`, `fk_esp32_dispositivos`, `when_local`, `pump_seconds`, `delivered_at`, `voltage`, `flow_lps`, `estimated_liters`, `criado_em`, `update_em`) VALUES
(1, 1, '2025-10-08 16:02:03', 30, '2025-10-08 16:00:38', 4.00, 0.025900, 0.777, '2025-10-08 19:03:05', '2025-10-08 19:03:40'),
(2, 1, '2025-10-08 16:06:50', 30, '2025-10-08 16:05:36', 4.00, 0.025900, 0.777, '2025-10-08 19:07:52', '2025-10-08 19:08:39'),
(3, 1, '2025-10-08 16:09:10', 30, '2025-10-08 16:07:10', 4.00, 0.025900, 0.777, '2025-10-08 19:10:12', '2025-10-08 19:10:12'),
(4, 1, '2025-10-08 16:10:54', 30, '2025-10-08 16:09:48', 4.00, 0.025900, 0.777, '2025-10-08 19:11:56', '2025-10-08 19:12:50'),
(5, 1, '2025-10-08 16:17:16', 30, '2025-10-08 16:15:38', 4.00, 0.025900, 0.777, '2025-10-08 19:18:19', '2025-10-08 19:18:40'),
(6, 1, '2025-10-08 16:21:59', 30, '2025-10-08 16:20:37', 4.00, 0.025900, 0.777, '2025-10-08 19:23:02', '2025-10-08 19:23:39'),
(7, 1, '2025-10-08 16:45:05', 30, '2025-10-08 16:43:55', 4.00, 0.025900, 0.777, '2025-10-08 19:46:07', '2025-10-08 19:46:57'),
(8, 1, '2025-10-08 19:00:15', 30, '2025-10-08 18:58:23', 4.00, 0.025900, 0.777, '2025-10-08 21:58:17', '2025-10-08 21:58:24'),
(9, 1, '2025-10-08 20:24:53', 30, '2025-10-08 20:23:27', 4.00, 0.025900, 0.777, '2025-10-08 23:22:53', '2025-10-08 23:23:28'),
(10, 1, '2025-10-22 16:14:15', 30, '2025-10-22 16:12:51', 4.00, 0.025900, 0.777, '2025-10-22 19:15:36', '2025-10-22 19:16:12'),
(11, 1, '2025-10-23 08:00:00', 115, NULL, 4.00, 0.025926, 2.981, '2025-10-22 20:33:06', '2025-10-22 20:33:06'),
(12, 5, '2025-10-23 08:00:00', 48, '2025-10-22 18:02:46', 4.00, 0.025926, 1.244, '2025-10-22 21:05:43', '2025-11-05 03:23:12'),
(13, 1, '2025-10-23 16:23:00', 30, '2025-10-23 16:21:18', 4.00, 0.025900, 0.777, '2025-10-23 19:24:23', '2025-10-23 19:24:40'),
(14, 1, '2025-10-23 16:26:01', 30, '2025-10-23 16:24:13', 4.00, 0.025900, 0.777, '2025-10-23 19:27:24', '2025-10-23 19:27:35'),
(15, 1, '2025-10-23 16:29:40', 30, '2025-10-23 16:28:15', 4.00, 0.025900, 0.777, '2025-10-23 19:31:03', '2025-10-23 19:31:38');

-- --------------------------------------------------------

--
-- Estrutura para tabela `esp32_dispositivos`
--

CREATE TABLE `esp32_dispositivos` (
  `id` int(4) NOT NULL,
  `serialnumber` varchar(64) NOT NULL,
  `fk_culturas` int(11) DEFAULT NULL,
  `fk_usuarios` int(11) DEFAULT NULL,
  `CEP` varchar(20) DEFAULT NULL,
  `rua` varchar(100) DEFAULT NULL,
  `numero` varchar(20) DEFAULT NULL,
  `bairro` varchar(60) DEFAULT NULL,
  `cidade` varchar(60) DEFAULT NULL,
  `estado` varchar(5) DEFAULT NULL,
  `latitude` decimal(10,6) DEFAULT NULL,
  `longitude` decimal(10,6) DEFAULT NULL,
  `criado_em` datetime NOT NULL DEFAULT current_timestamp(),
  `update_em` datetime NOT NULL DEFAULT current_timestamp() ON UPDATE current_timestamp()
) ENGINE=InnoDB DEFAULT CHARSET=utf8mb4 COLLATE=utf8mb4_general_ci;

--
-- Despejando dados para a tabela `esp32_dispositivos`
--

INSERT INTO `esp32_dispositivos` (`id`, `serialnumber`, `fk_culturas`, `fk_usuarios`, `CEP`, `rua`, `numero`, `bairro`, `cidade`, `estado`, `latitude`, `longitude`, `criado_em`, `update_em`) VALUES
(1, '911266104720', 26, 17, '2851130', 'Rua José da Costa Pereira', NULL, 'Jardim Guarani', 'São Paulo', 'SP', NULL, NULL, '2025-08-30 13:24:12', '2025-11-05 02:30:14'),
(5, '670574355856', 21, 17, '07830080', 'Rua Petrônio Portela', NULL, 'Jardim dos Bandeirantes', 'Franco da Rocha', 'SP', -23.296757, -46.759837, '2025-11-05 00:22:04', '2025-11-05 02:57:21');

--
-- Acionadores `esp32_dispositivos`
--
DELIMITER $$
CREATE TRIGGER `trg_no_serial_update` BEFORE UPDATE ON `esp32_dispositivos` FOR EACH ROW BEGIN
  IF NEW.serialnumber <> OLD.serialnumber THEN
    SIGNAL SQLSTATE '45000'
      SET MESSAGE_TEXT = 'Serial não pode ser alterado.';
  END IF;
END
$$
DELIMITER ;

-- --------------------------------------------------------

--
-- Estrutura para tabela `esp32_sensores`
--

CREATE TABLE `esp32_sensores` (
  `id` int(4) NOT NULL,
  `fk_esp32_dispositivos` int(11) NOT NULL,
  `umidade_solo_bruto` decimal(10,2) NOT NULL,
  `umidade_solo_perc` decimal(5,2) NOT NULL,
  `umidade_ar` decimal(5,2) NOT NULL,
  `temperatura` decimal(5,2) NOT NULL,
  `criado_em` datetime NOT NULL DEFAULT current_timestamp(),
  `update_em` datetime NOT NULL DEFAULT current_timestamp() ON UPDATE current_timestamp()
) ENGINE=InnoDB DEFAULT CHARSET=utf8mb4 COLLATE=utf8mb4_general_ci;

--
-- Despejando dados para a tabela `esp32_sensores`
--

INSERT INTO `esp32_sensores` (`id`, `fk_esp32_dispositivos`, `umidade_solo_bruto`, `umidade_solo_perc`, `umidade_ar`, `temperatura`, `criado_em`, `update_em`) VALUES
(1, 1, 2596.00, 6.93, 37.00, 31.30, '2025-10-06 22:35:23', '2025-10-06 22:35:23'),
(2, 1, 2596.00, 6.93, 37.00, 31.30, '2025-10-06 22:35:23', '2025-10-06 22:35:23'),
(3, 1, 2589.00, 7.40, 36.00, 31.30, '2025-10-06 22:35:23', '2025-10-06 22:35:23'),
(4, 1, 2596.00, 6.93, 36.00, 31.30, '2025-10-06 22:35:23', '2025-10-06 22:35:23'),
(5, 1, 2596.00, 6.93, 36.00, 31.30, '2025-10-06 22:35:23', '2025-10-06 22:35:23'),
(6, 1, 2582.00, 7.87, 37.00, 31.30, '2025-10-06 22:38:35', '2025-10-06 22:38:35'),
(7, 1, 2587.00, 7.53, 37.00, 31.30, '2025-10-06 22:38:35', '2025-10-06 22:38:35'),
(8, 1, 4094.00, 0.00, 37.00, 31.30, '2025-10-06 22:38:35', '2025-10-06 22:38:35'),
(9, 1, 2518.00, 12.13, 56.00, 22.60, '2025-10-07 17:31:47', '2025-10-07 17:31:47'),
(10, 1, 792.00, 100.00, 57.00, 22.60, '2025-10-07 17:31:47', '2025-10-07 17:31:47'),
(11, 1, 3062.00, 0.00, 56.00, 23.00, '2025-10-07 17:31:47', '2025-10-07 17:31:47'),
(12, 1, 2390.00, 20.67, 59.00, 23.00, '2025-10-07 17:31:47', '2025-10-07 17:31:47'),
(13, 1, 2398.00, 20.13, 56.00, 23.40, '2025-10-07 17:31:47', '2025-10-07 17:31:47'),
(14, 1, 2394.00, 20.40, 55.00, 23.00, '2025-10-07 17:36:57', '2025-10-07 17:36:57'),
(15, 1, 2299.00, 26.73, 56.00, 22.60, '2025-10-07 17:36:57', '2025-10-07 17:36:57'),
(16, 1, 2306.00, 26.27, 56.00, 22.60, '2025-10-07 17:36:57', '2025-10-07 17:36:57'),
(17, 1, 2583.00, 7.80, 57.00, 22.60, '2025-10-07 17:36:57', '2025-10-07 17:36:57'),
(18, 1, 2580.00, 8.00, 56.00, 22.60, '2025-10-07 17:36:57', '2025-10-07 17:36:57'),
(19, 1, 2574.00, 8.40, 56.00, 22.60, '2025-10-07 17:49:55', '2025-10-07 17:49:55'),
(20, 1, 2573.00, 8.47, 56.00, 22.60, '2025-10-07 17:49:55', '2025-10-07 17:49:55'),
(21, 1, 2560.00, 9.33, 56.00, 22.20, '2025-10-07 17:49:55', '2025-10-07 17:49:55'),
(22, 1, 2571.00, 8.60, 56.00, 22.20, '2025-10-07 17:49:55', '2025-10-07 17:49:55'),
(23, 1, 2594.00, 7.07, 56.00, 22.20, '2025-10-07 17:49:55', '2025-10-07 17:49:55'),
(24, 1, 2585.00, 7.67, 55.00, 23.00, '2025-10-07 17:54:09', '2025-10-07 17:54:09'),
(25, 1, 2584.00, 7.73, 54.00, 23.00, '2025-10-07 17:54:09', '2025-10-07 17:54:09'),
(26, 1, 2581.00, 7.93, 55.00, 22.60, '2025-10-07 17:54:09', '2025-10-07 17:54:09'),
(27, 1, 2565.00, 9.00, 54.00, 22.60, '2025-10-07 17:54:09', '2025-10-07 17:54:09'),
(28, 1, 1233.00, 97.80, 59.00, 21.00, '2025-10-07 22:26:09', '2025-10-07 22:26:09'),
(29, 1, 1084.00, 100.00, 60.00, 20.60, '2025-10-07 22:26:09', '2025-10-07 22:26:09'),
(30, 1, 1077.00, 100.00, 60.00, 20.60, '2025-10-07 22:26:09', '2025-10-07 22:26:09'),
(31, 1, 1079.00, 100.00, 59.00, 21.00, '2025-10-07 22:26:09', '2025-10-07 22:26:09'),
(32, 1, 1086.00, 100.00, 59.00, 21.00, '2025-10-07 22:26:09', '2025-10-07 22:26:09'),
(33, 1, 2614.00, 10.33, 53.00, 24.50, '2025-10-07 22:38:37', '2025-10-07 22:38:37'),
(34, 1, 2609.00, 10.61, 53.00, 24.50, '2025-10-07 22:38:37', '2025-10-07 22:38:37'),
(35, 1, 2616.00, 10.22, 52.00, 24.50, '2025-10-07 22:38:37', '2025-10-07 22:38:37'),
(36, 1, 2602.00, 11.00, 52.00, 24.50, '2025-10-07 22:38:37', '2025-10-07 22:38:37'),
(37, 1, 2617.00, 10.17, 52.00, 24.50, '2025-10-07 22:38:37', '2025-10-07 22:38:37'),
(38, 1, 2613.00, 10.39, 52.00, 24.50, '2025-10-07 22:44:02', '2025-10-07 22:44:02'),
(39, 1, 2618.00, 10.11, 52.00, 24.50, '2025-10-07 22:44:02', '2025-10-07 22:44:02'),
(40, 1, 2617.00, 10.17, 54.00, 24.50, '2025-10-07 22:44:02', '2025-10-07 22:44:02'),
(41, 1, 2621.00, 9.94, 56.00, 24.80, '2025-10-07 22:44:02', '2025-10-07 22:44:02'),
(42, 1, 2622.00, 9.89, 52.00, 24.80, '2025-10-07 22:44:02', '2025-10-07 22:44:02'),
(43, 1, 2619.00, 10.06, 53.00, 24.80, '2025-10-07 22:50:39', '2025-10-07 22:50:39'),
(44, 1, 2380.00, 23.33, 52.00, 24.80, '2025-10-07 22:50:39', '2025-10-07 22:50:39'),
(45, 1, 2497.00, 16.83, 54.00, 25.30, '2025-10-07 22:50:39', '2025-10-07 22:50:39'),
(46, 1, 2512.00, 16.00, 52.00, 25.30, '2025-10-07 22:50:39', '2025-10-07 22:50:39'),
(47, 1, 563.00, 100.00, 52.00, 24.80, '2025-10-07 22:50:39', '2025-10-07 22:50:39'),
(48, 1, 2531.00, 14.94, 51.00, 24.80, '2025-10-07 22:56:10', '2025-10-07 22:56:10'),
(49, 1, 2535.00, 14.72, 52.00, 24.80, '2025-10-07 22:56:10', '2025-10-07 22:56:10'),
(50, 1, 2535.00, 14.72, 53.00, 24.80, '2025-10-07 22:56:10', '2025-10-07 22:56:10'),
(51, 1, 2542.00, 14.33, 53.00, 24.80, '2025-10-07 22:56:10', '2025-10-07 22:56:10'),
(52, 1, 2542.00, 14.33, 53.00, 24.80, '2025-10-07 22:56:10', '2025-10-07 22:56:10'),
(53, 1, 2551.00, 13.83, 53.00, 24.80, '2025-10-07 23:01:01', '2025-10-07 23:01:01'),
(54, 1, 2554.00, 13.67, 52.00, 24.80, '2025-10-07 23:01:01', '2025-10-07 23:01:01'),
(55, 1, 2539.00, 14.50, 53.00, 24.80, '2025-10-07 23:01:01', '2025-10-07 23:01:01'),
(56, 1, 4089.00, 0.00, 56.00, 25.30, '2025-10-07 23:01:01', '2025-10-07 23:01:01'),
(57, 1, 2614.00, 10.33, 52.00, 25.30, '2025-10-07 23:01:01', '2025-10-07 23:01:01'),
(58, 1, 2574.00, 12.56, 49.00, 25.30, '2025-10-08 15:52:42', '2025-10-08 15:52:42'),
(59, 1, 2573.00, 12.61, 48.00, 24.80, '2025-10-08 15:52:42', '2025-10-08 15:52:42'),
(60, 1, 2533.00, 14.83, 48.00, 23.80, '2025-10-08 15:52:42', '2025-10-08 15:52:42'),
(61, 1, 2542.00, 14.33, 50.00, 23.80, '2025-10-08 15:52:42', '2025-10-08 15:52:42'),
(62, 1, 2539.00, 14.50, 53.00, 23.40, '2025-10-08 15:52:42', '2025-10-08 15:52:42'),
(63, 1, 2487.00, 6.65, 53.00, 23.00, '2025-10-08 16:02:35', '2025-10-08 16:02:35'),
(64, 1, 2526.00, 4.35, 51.00, 22.60, '2025-10-08 16:02:35', '2025-10-08 16:02:35'),
(65, 1, 2532.00, 4.00, 53.00, 22.60, '2025-10-08 16:02:35', '2025-10-08 16:02:35'),
(66, 1, 2469.00, 7.71, 55.00, 22.60, '2025-10-08 16:02:35', '2025-10-08 16:02:35'),
(67, 1, 2477.00, 7.24, 53.00, 22.80, '2025-10-08 16:02:35', '2025-10-08 16:02:35'),
(68, 1, 2493.00, 6.29, 53.00, 23.00, '2025-10-08 16:08:36', '2025-10-08 16:08:36'),
(69, 1, 2512.00, 5.18, 54.00, 23.00, '2025-10-08 16:08:36', '2025-10-08 16:08:36'),
(70, 1, 2474.00, 7.41, 57.00, 23.00, '2025-10-08 16:08:36', '2025-10-08 16:08:36'),
(71, 1, 2387.00, 12.53, 57.00, 24.10, '2025-10-08 16:08:36', '2025-10-08 16:08:36'),
(72, 1, 2591.00, 0.53, 51.00, 23.80, '2025-10-08 16:08:36', '2025-10-08 16:08:36'),
(73, 1, 2592.00, 0.47, 50.00, 23.80, '2025-10-08 16:15:27', '2025-10-08 16:15:27'),
(74, 1, 2599.00, 0.06, 51.00, 23.80, '2025-10-08 16:15:27', '2025-10-08 16:15:27'),
(75, 1, 2598.00, 0.12, 53.00, 23.80, '2025-10-08 16:15:27', '2025-10-08 16:15:27'),
(76, 1, 2595.00, 0.29, 52.00, 23.80, '2025-10-08 16:15:27', '2025-10-08 16:15:27'),
(77, 1, 2600.00, 0.00, 53.00, 23.80, '2025-10-08 16:15:27', '2025-10-08 16:15:27'),
(78, 1, 2592.00, 0.47, 51.00, 23.80, '2025-10-08 16:21:30', '2025-10-08 16:21:30'),
(79, 1, 2591.00, 0.53, 52.00, 23.80, '2025-10-08 16:21:30', '2025-10-08 16:21:30'),
(80, 1, 2596.00, 0.24, 52.00, 23.80, '2025-10-08 16:21:30', '2025-10-08 16:21:30'),
(81, 1, 2594.00, 0.35, 51.00, 24.40, '2025-10-08 16:21:30', '2025-10-08 16:21:30'),
(82, 1, 2601.00, 0.00, 51.00, 23.80, '2025-10-08 16:21:30', '2025-10-08 16:21:30'),
(120, 1, 2541.00, 3.47, 64.00, 19.00, '2025-10-08 18:49:36', '2025-10-08 18:49:36'),
(121, 1, 2570.00, 1.76, 63.00, 19.00, '2025-10-08 18:49:36', '2025-10-08 18:49:36'),
(122, 1, 2567.00, 1.94, 64.00, 19.00, '2025-10-08 18:49:36', '2025-10-08 18:49:36'),
(123, 1, 2564.00, 2.12, 64.00, 18.70, '2025-10-08 18:49:36', '2025-10-08 18:49:36'),
(124, 1, 2560.00, 2.35, 64.00, 18.60, '2025-10-08 18:49:36', '2025-10-08 18:49:36'),
(125, 1, 2561.00, 2.29, 65.00, 19.40, '2025-10-08 18:59:58', '2025-10-08 18:59:58'),
(126, 1, 2519.00, 4.76, 65.00, 19.40, '2025-10-08 18:59:58', '2025-10-08 18:59:58'),
(127, 1, 2521.00, 4.65, 65.00, 19.80, '2025-10-08 18:59:58', '2025-10-08 18:59:58'),
(128, 1, 2498.00, 6.00, 64.00, 19.40, '2025-10-08 18:59:58', '2025-10-08 18:59:58'),
(129, 1, 2491.00, 6.41, 66.00, 19.80, '2025-10-08 18:59:58', '2025-10-08 18:59:58'),
(130, 1, 2497.00, 6.06, 64.00, 19.40, '2025-10-08 19:05:18', '2025-10-08 19:05:18'),
(131, 1, 2507.00, 5.47, 64.00, 19.40, '2025-10-08 19:05:18', '2025-10-08 19:05:18'),
(132, 1, 2504.00, 5.65, 65.00, 19.40, '2025-10-08 19:05:18', '2025-10-08 19:05:18'),
(133, 1, 2505.00, 5.59, 65.00, 19.40, '2025-10-08 19:05:18', '2025-10-08 19:05:18'),
(134, 1, 2507.00, 5.47, 64.00, 19.40, '2025-10-08 19:05:18', '2025-10-08 19:05:18'),
(135, 1, 2512.00, 5.18, 64.00, 19.40, '2025-10-08 19:10:38', '2025-10-08 19:10:38'),
(136, 1, 2510.00, 5.29, 65.00, 19.40, '2025-10-08 19:10:38', '2025-10-08 19:10:38'),
(137, 1, 2508.00, 5.41, 65.00, 19.40, '2025-10-08 19:10:38', '2025-10-08 19:10:38'),
(138, 1, 2507.00, 5.47, 64.00, 19.40, '2025-10-08 19:10:38', '2025-10-08 19:10:38'),
(139, 1, 2495.00, 6.18, 64.00, 19.40, '2025-10-08 19:10:38', '2025-10-08 19:10:38'),
(140, 1, 2496.00, 6.12, 65.00, 19.00, '2025-10-08 19:15:58', '2025-10-08 19:15:58'),
(141, 1, 2471.00, 7.59, 65.00, 19.00, '2025-10-08 19:15:58', '2025-10-08 19:15:58'),
(142, 1, 2472.00, 7.53, 65.00, 19.00, '2025-10-08 19:15:58', '2025-10-08 19:15:58'),
(143, 1, 2479.00, 7.12, 65.00, 19.40, '2025-10-08 19:15:58', '2025-10-08 19:15:58'),
(144, 1, 2481.00, 7.00, 65.00, 19.40, '2025-10-08 19:15:58', '2025-10-08 19:15:58'),
(145, 1, 2480.00, 7.06, 64.00, 19.40, '2025-10-08 19:21:23', '2025-10-08 19:21:23'),
(146, 1, 2494.00, 6.24, 64.00, 19.40, '2025-10-08 19:21:23', '2025-10-08 19:21:23'),
(147, 1, 2499.00, 5.94, 66.00, 19.80, '2025-10-08 19:21:23', '2025-10-08 19:21:23'),
(148, 1, 2495.00, 6.18, 64.00, 19.40, '2025-10-08 19:21:23', '2025-10-08 19:21:23'),
(149, 1, 2492.00, 6.35, 64.00, 19.40, '2025-10-08 19:21:23', '2025-10-08 19:21:23'),
(150, 1, 2493.00, 6.29, 65.00, 19.40, '2025-10-08 19:26:44', '2025-10-08 19:26:44'),
(151, 1, 2487.00, 6.65, 65.00, 19.00, '2025-10-08 19:26:44', '2025-10-08 19:26:44'),
(152, 1, 2496.00, 6.12, 65.00, 19.00, '2025-10-08 19:26:44', '2025-10-08 19:26:44'),
(153, 1, 2495.00, 6.18, 65.00, 19.00, '2025-10-08 19:26:44', '2025-10-08 19:26:44'),
(154, 1, 2487.00, 6.65, 65.00, 19.00, '2025-10-08 19:26:44', '2025-10-08 19:26:44'),
(155, 1, 2494.00, 6.24, 65.00, 19.00, '2025-10-08 19:32:05', '2025-10-08 19:32:05'),
(156, 1, 2493.00, 6.29, 65.00, 19.00, '2025-10-08 19:32:05', '2025-10-08 19:32:05'),
(157, 1, 2497.00, 6.06, 65.00, 19.00, '2025-10-08 19:32:05', '2025-10-08 19:32:05'),
(158, 1, 2495.00, 6.18, 65.00, 19.00, '2025-10-08 19:32:05', '2025-10-08 19:32:05'),
(159, 1, 2495.00, 6.18, 65.00, 19.00, '2025-10-08 19:32:05', '2025-10-08 19:32:05'),
(160, 1, 2529.00, 4.18, 65.00, 19.00, '2025-10-08 19:37:26', '2025-10-08 19:37:26'),
(161, 1, 2521.00, 4.65, 65.00, 19.40, '2025-10-08 19:37:26', '2025-10-08 19:37:26'),
(162, 1, 2515.00, 5.00, 64.00, 19.00, '2025-10-08 19:37:26', '2025-10-08 19:37:26'),
(163, 1, 2523.00, 4.53, 65.00, 18.60, '2025-10-08 19:37:26', '2025-10-08 19:37:26'),
(164, 1, 2520.00, 4.71, 65.00, 19.00, '2025-10-08 19:37:26', '2025-10-08 19:37:26'),
(165, 1, 2522.00, 4.59, 65.00, 19.00, '2025-10-08 20:22:22', '2025-10-08 20:22:22'),
(166, 1, 2525.00, 4.41, 65.00, 19.00, '2025-10-08 20:22:22', '2025-10-08 20:22:22'),
(167, 1, 2533.00, 3.94, 65.00, 19.00, '2025-10-08 20:22:22', '2025-10-08 20:22:22'),
(168, 1, 2532.00, 4.00, 64.00, 19.40, '2025-10-08 20:22:22', '2025-10-08 20:22:22'),
(169, 1, 2530.00, 4.12, 64.00, 19.00, '2025-10-08 20:22:22', '2025-10-08 20:22:22'),
(170, 1, 2474.00, 7.41, 65.00, 19.00, '2025-10-08 20:27:09', '2025-10-08 20:27:09'),
(171, 1, 2509.00, 5.35, 65.00, 19.40, '2025-10-08 20:27:09', '2025-10-08 20:27:09'),
(172, 1, 2512.00, 5.18, 64.00, 19.00, '2025-10-08 20:27:09', '2025-10-08 20:27:09'),
(173, 1, 2512.00, 5.18, 64.00, 19.00, '2025-10-08 20:27:09', '2025-10-08 20:27:09'),
(174, 1, 2566.00, 2.00, 46.00, 22.20, '2025-10-22 16:19:59', '2025-10-22 16:19:59'),
(175, 1, 2555.00, 2.65, 46.00, 22.20, '2025-10-22 16:19:59', '2025-10-22 16:19:59'),
(176, 1, 2557.00, 2.53, 46.00, 21.80, '2025-10-22 16:19:59', '2025-10-22 16:19:59'),
(177, 1, 2560.00, 2.35, 46.00, 21.80, '2025-10-22 16:19:59', '2025-10-22 16:19:59'),
(178, 1, 2555.00, 2.65, 46.00, 21.80, '2025-10-22 16:19:59', '2025-10-22 16:19:59'),
(179, 1, 2559.00, 2.41, 46.00, 21.80, '2025-10-22 16:25:32', '2025-10-22 16:25:32'),
(180, 1, 2558.00, 2.47, 46.00, 21.80, '2025-10-22 16:25:32', '2025-10-22 16:25:32'),
(181, 1, 2560.00, 2.35, 46.00, 21.80, '2025-10-22 16:25:32', '2025-10-22 16:25:32'),
(182, 1, 2558.00, 2.47, 46.00, 21.80, '2025-10-22 16:25:32', '2025-10-22 16:25:32'),
(183, 1, 2559.00, 2.41, 46.00, 21.80, '2025-10-22 16:25:32', '2025-10-22 16:25:32'),
(184, 1, 2564.00, 2.12, 46.00, 21.80, '2025-10-22 16:31:04', '2025-10-22 16:31:04'),
(185, 1, 2559.00, 2.41, 46.00, 21.80, '2025-10-22 16:31:04', '2025-10-22 16:31:04'),
(186, 1, 2569.00, 1.82, 46.00, 21.80, '2025-10-22 16:31:04', '2025-10-22 16:31:04'),
(187, 1, 2567.00, 1.94, 46.00, 21.80, '2025-10-22 16:31:04', '2025-10-22 16:31:04'),
(188, 1, 2561.00, 2.29, 46.00, 21.80, '2025-10-22 16:31:04', '2025-10-22 16:31:04'),
(189, 1, 2559.00, 2.41, 46.00, 21.80, '2025-10-22 16:36:48', '2025-10-22 16:36:48'),
(190, 1, 2564.00, 2.12, 46.00, 21.80, '2025-10-22 16:36:48', '2025-10-22 16:36:48'),
(191, 1, 2557.00, 2.53, 46.00, 21.80, '2025-10-22 16:36:48', '2025-10-22 16:36:48'),
(192, 1, 2556.00, 2.59, 46.00, 21.80, '2025-10-22 16:36:48', '2025-10-22 16:36:48'),
(193, 1, 2552.00, 2.82, 46.00, 21.80, '2025-10-22 16:36:48', '2025-10-22 16:36:48'),
(194, 1, 2565.00, 2.06, 46.00, 21.80, '2025-10-22 16:42:14', '2025-10-22 16:42:14'),
(195, 1, 2560.00, 2.35, 46.00, 21.80, '2025-10-22 16:42:14', '2025-10-22 16:42:14'),
(196, 1, 2556.00, 2.59, 46.00, 21.80, '2025-10-22 16:42:14', '2025-10-22 16:42:14'),
(197, 1, 2550.00, 2.94, 46.00, 21.40, '2025-10-22 16:42:14', '2025-10-22 16:42:14'),
(198, 1, 2560.00, 2.35, 46.00, 21.40, '2025-10-22 16:42:14', '2025-10-22 16:42:14'),
(199, 5, 0.00, 100.00, 0.00, 0.00, '2025-10-22 17:50:06', '2025-11-05 00:23:12'),
(200, 5, 17.00, 100.00, 0.00, 0.00, '2025-10-22 17:50:06', '2025-11-05 00:23:12'),
(201, 5, 35.00, 100.00, 0.00, 0.00, '2025-10-22 17:50:06', '2025-11-05 00:23:12'),
(202, 5, 76.00, 100.00, 0.00, 0.00, '2025-10-22 17:50:06', '2025-11-05 00:23:12'),
(203, 5, 78.00, 100.00, 0.00, 0.00, '2025-10-22 17:50:06', '2025-11-05 00:23:12'),
(204, 5, 25.00, 0.00, 0.00, 0.00, '2025-10-22 18:06:05', '2025-11-05 00:23:12'),
(205, 5, 4.00, 0.00, 0.00, 0.00, '2025-10-22 18:06:05', '2025-11-05 00:23:12'),
(206, 5, 39.00, 0.00, 0.00, 0.00, '2025-10-22 18:06:05', '2025-11-05 00:23:12'),
(207, 5, 51.00, 0.00, 0.00, 0.00, '2025-10-22 18:06:05', '2025-11-05 00:23:12'),
(208, 5, 49.00, 0.00, 0.00, 0.00, '2025-10-22 18:06:05', '2025-11-05 00:23:12'),
(209, 1, 2532.00, 4.00, 43.00, 22.60, '2025-10-23 16:29:18', '2025-10-23 16:29:18'),
(210, 1, 2528.00, 4.24, 43.00, 22.60, '2025-10-23 16:29:18', '2025-10-23 16:29:18'),
(211, 1, 2554.00, 2.71, 44.00, 22.20, '2025-10-23 16:29:18', '2025-10-23 16:29:18'),
(212, 1, 2558.00, 2.47, 45.00, 21.80, '2025-10-23 16:29:18', '2025-10-23 16:29:18'),
(213, 1, 2423.00, 10.41, 45.00, 21.80, '2025-10-23 16:29:18', '2025-10-23 16:29:18');

-- --------------------------------------------------------

--
-- Estrutura para tabela `ia_consumo`
--

CREATE TABLE `ia_consumo` (
  `device_id` int(11) NOT NULL,
  `last_consumed_sensor_id` bigint(20) NOT NULL DEFAULT 0,
  `updated_at` timestamp NOT NULL DEFAULT current_timestamp() ON UPDATE current_timestamp()
) ENGINE=InnoDB DEFAULT CHARSET=utf8mb4 COLLATE=utf8mb4_unicode_ci;

--
-- Despejando dados para a tabela `ia_consumo`
--

INSERT INTO `ia_consumo` (`device_id`, `last_consumed_sensor_id`, `updated_at`) VALUES
(1, 198, '2025-10-22 20:33:06'),
(2, 203, '2025-10-22 21:05:43');

-- --------------------------------------------------------

--
-- Estrutura para tabela `ia_irrigacoes`
--

CREATE TABLE `ia_irrigacoes` (
  `id` bigint(20) NOT NULL,
  `device_id` int(11) NOT NULL,
  `scheduled_at` datetime NOT NULL,
  `pump_seconds` int(11) NOT NULL,
  `voltage` decimal(4,2) NOT NULL,
  `flow_lps` decimal(10,6) NOT NULL,
  `estimated_liters` decimal(12,3) NOT NULL,
  `created_at` timestamp NOT NULL DEFAULT current_timestamp()
) ENGINE=InnoDB DEFAULT CHARSET=utf8mb4 COLLATE=utf8mb4_general_ci;

--
-- Despejando dados para a tabela `ia_irrigacoes`
--

INSERT INTO `ia_irrigacoes` (`id`, `device_id`, `scheduled_at`, `pump_seconds`, `voltage`, `flow_lps`, `estimated_liters`, `created_at`) VALUES
(1, 1, '2025-10-23 08:00:00', 115, 4.00, 0.025926, 2.981, '2025-10-22 20:33:06'),
(2, 2, '2025-10-23 08:00:00', 48, 4.00, 0.025926, 1.244, '2025-10-22 21:05:43');

-- --------------------------------------------------------

--
-- Estrutura para tabela `login_logs`
--

CREATE TABLE `login_logs` (
  `id` bigint(20) NOT NULL,
  `usuario` varchar(100) DEFAULT NULL,
  `user_id` int(11) DEFAULT NULL,
  `sucesso` tinyint(1) NOT NULL,
  `ip` varchar(45) NOT NULL,
  `user_agent` varchar(255) DEFAULT NULL,
  `origem` varchar(255) DEFAULT NULL,
  `criado_em` timestamp NOT NULL DEFAULT current_timestamp()
) ENGINE=InnoDB DEFAULT CHARSET=utf8mb4 COLLATE=utf8mb4_general_ci;

--
-- Despejando dados para a tabela `login_logs`
--

INSERT INTO `login_logs` (`id`, `usuario`, `user_id`, `sucesso`, `ip`, `user_agent`, `origem`, `criado_em`) VALUES
(1, 'admin', 1, 1, '127.0.0.1', 'Mozilla/5.0 (Windows NT 10.0; Win64; x64) AppleWebKit/537.36 (KHTML, like Gecko) Chrome/138.0.0.0 Safari/537.36', 'http://191.252.193.10/', '2025-08-08 17:15:45'),
(2, 'admin', 1, 1, '127.0.0.1', 'Mozilla/5.0 (Windows NT 10.0; Win64; x64) AppleWebKit/537.36 (KHTML, like Gecko) Chrome/138.0.0.0 Safari/537.36', 'http://191.252.193.10/', '2025-08-08 17:16:57'),
(3, 'teste', NULL, 0, '127.0.0.1', 'Mozilla/5.0 (Windows NT 10.0; Win64; x64) AppleWebKit/537.36 (KHTML, like Gecko) Chrome/138.0.0.0 Safari/537.36', 'http://191.252.193.10/', '2025-08-08 17:17:26'),
(4, 'teste2', 2, 1, '127.0.0.1', 'Mozilla/5.0 (Windows NT 10.0; Win64; x64) AppleWebKit/537.36 (KHTML, like Gecko) Chrome/138.0.0.0 Safari/537.36', 'http://191.252.193.10/', '2025-08-08 17:17:29'),
(5, 'admin', 1, 1, '127.0.0.1', 'Mozilla/5.0 (Windows NT 10.0; Win64; x64) AppleWebKit/537.36 (KHTML, like Gecko) Chrome/138.0.0.0 Safari/537.36', 'http://191.252.193.10/', '2025-08-08 17:29:47'),
(6, 'dsadasd', NULL, 0, '127.0.0.1', 'Mozilla/5.0 (Windows NT 10.0; Win64; x64) AppleWebKit/537.36 (KHTML, like Gecko) Chrome/138.0.0.0 Safari/537.36', 'http://191.252.193.10/', '2025-08-08 17:31:08'),
(7, 'Asas', NULL, 0, '127.0.0.1', 'Mozilla/5.0 (iPhone; CPU iPhone OS 18_5_0 like Mac OS X) AppleWebKit/605.1.15 (KHTML, like Gecko) CriOS/138.0.7204.156 Mobile/15E148 Safari/604.1', 'http://191.252.193.10/', '2025-08-08 17:32:39'),
(8, 'Asashhhhj', NULL, 0, '127.0.0.1', 'Mozilla/5.0 (iPhone; CPU iPhone OS 18_5_0 like Mac OS X) AppleWebKit/605.1.15 (KHTML, like Gecko) CriOS/138.0.7204.156 Mobile/15E148 Safari/604.1', 'http://191.252.193.10/', '2025-08-08 17:32:52'),
(9, 'admin', 1, 1, '127.0.0.1', 'Mozilla/5.0 (Windows NT 10.0; Win64; x64) AppleWebKit/537.36 (KHTML, like Gecko) Chrome/138.0.0.0 Safari/537.36', 'http://191.252.193.10/', '2025-08-08 17:41:34'),
(10, 'admin', 1, 1, '127.0.0.1', 'Mozilla/5.0 (Windows NT 10.0; Win64; x64) AppleWebKit/537.36 (KHTML, like Gecko) Chrome/138.0.0.0 Safari/537.36', 'http://191.252.193.10/', '2025-08-08 17:42:26'),
(11, 'admin', 1, 1, '127.0.0.1', 'Mozilla/5.0 (Windows NT 10.0; Win64; x64) AppleWebKit/537.36 (KHTML, like Gecko) Chrome/138.0.0.0 Safari/537.36', 'http://191.252.193.10/', '2025-08-08 17:50:49'),
(12, 'admin', 1, 1, '127.0.0.1', 'Mozilla/5.0 (Windows NT 10.0; Win64; x64) AppleWebKit/537.36 (KHTML, like Gecko) Chrome/138.0.0.0 Safari/537.36', 'http://191.252.193.10/', '2025-08-08 18:11:20'),
(13, 'teste2', 2, 1, '127.0.0.1', 'Mozilla/5.0 (iPhone; CPU iPhone OS 18_5_0 like Mac OS X) AppleWebKit/605.1.15 (KHTML, like Gecko) CriOS/138.0.7204.156 Mobile/15E148 Safari/604.1', 'http://191.252.193.10/', '2025-08-08 18:11:49'),
(14, 'admin', 1, 1, '127.0.0.1', 'Mozilla/5.0 (Windows NT 10.0; Win64; x64) AppleWebKit/537.36 (KHTML, like Gecko) Chrome/138.0.0.0 Safari/537.36', 'http://191.252.193.10/', '2025-08-08 18:11:54'),
(15, 'admin', 1, 1, '127.0.0.1', 'Mozilla/5.0 (Windows NT 10.0; Win64; x64) AppleWebKit/537.36 (KHTML, like Gecko) Chrome/138.0.0.0 Safari/537.36', 'http://191.252.193.10/', '2025-08-08 18:21:28'),
(16, 'admin', 1, 1, '127.0.0.1', 'Mozilla/5.0 (Windows NT 10.0; Win64; x64) AppleWebKit/537.36 (KHTML, like Gecko) Chrome/138.0.0.0 Safari/537.36', 'http://191.252.193.10/', '2025-08-08 18:25:36'),
(17, 'admin', 1, 1, '127.0.0.1', 'Mozilla/5.0 (Windows NT 10.0; Win64; x64) AppleWebKit/537.36 (KHTML, like Gecko) Chrome/138.0.0.0 Safari/537.36', 'http://191.252.193.10/', '2025-08-08 18:25:36'),
(18, 'admin', 1, 1, '127.0.0.1', 'Mozilla/5.0 (Windows NT 10.0; Win64; x64) AppleWebKit/537.36 (KHTML, like Gecko) Chrome/138.0.0.0 Safari/537.36', 'http://191.252.193.10/', '2025-08-08 18:40:23'),
(19, 'admin', NULL, 0, '8.8.8.8', 'TesteUA', '', '2025-08-08 18:47:32'),
(20, 'admin', 1, 1, '8.8.8.8', 'TesteUA', '', '2025-08-08 18:50:27'),
(21, 'admin', 1, 1, '8.8.8.8', 'TesteUA', '', '2025-08-08 18:50:35'),
(22, 'admin', 1, 1, '8.8.8.8', 'TesteUA', '', '2025-08-08 18:50:44'),
(23, 'admin', 1, 1, '127.0.0.1', 'Mozilla/5.0 (Windows NT 10.0; Win64; x64) AppleWebKit/537.36 (KHTML, like Gecko) Chrome/138.0.0.0 Safari/537.36', 'http://191.252.193.10/', '2025-08-08 18:54:09'),
(24, 'admin', 1, 1, '200.176.2.24', 'Mozilla/5.0 (Windows NT 10.0; Win64; x64) AppleWebKit/537.36 (KHTML, like Gecko) Chrome/138.0.0.0 Safari/537.36', 'http://191.252.193.10/', '2025-08-08 19:12:48'),
(25, 'admin', 1, 1, '200.176.2.24', 'Mozilla/5.0 (Windows NT 10.0; Win64; x64) AppleWebKit/537.36 (KHTML, like Gecko) Chrome/138.0.0.0 Safari/537.36', 'http://191.252.193.10/', '2025-08-08 19:16:17'),
(26, 's', NULL, 0, '200.176.2.30', 'Mozilla/5.0 (Windows NT 10.0; Win64; x64) AppleWebKit/537.36 (KHTML, like Gecko) Chrome/138.0.0.0 Safari/537.36', 'http://191.252.193.10/', '2025-08-10 17:16:39'),
(27, 's', NULL, 0, '200.176.2.30', 'Mozilla/5.0 (Windows NT 10.0; Win64; x64) AppleWebKit/537.36 (KHTML, like Gecko) Chrome/138.0.0.0 Safari/537.36', 'http://191.252.193.10/', '2025-08-10 17:16:39'),
(28, 'admin', 1, 1, '200.176.2.30', 'Mozilla/5.0 (Windows NT 10.0; Win64; x64) AppleWebKit/537.36 (KHTML, like Gecko) Chrome/138.0.0.0 Safari/537.36', 'http://191.252.193.10/', '2025-08-10 17:16:47'),
(29, 'admin', 1, 1, '200.176.2.30', 'Mozilla/5.0 (Windows NT 10.0; Win64; x64) AppleWebKit/537.36 (KHTML, like Gecko) Chrome/138.0.0.0 Safari/537.36', 'http://191.252.193.10/', '2025-08-10 17:22:57'),
(30, 'usuario', NULL, 0, '200.176.2.30', 'Mozilla/5.0 (Windows NT 10.0; Win64; x64) AppleWebKit/537.36 (KHTML, like Gecko) Chrome/138.0.0.0 Safari/537.36', 'http://191.252.193.10/', '2025-08-10 17:24:58'),
(31, 'usuario', NULL, 0, '200.176.2.30', 'Mozilla/5.0 (Windows NT 10.0; Win64; x64) AppleWebKit/537.36 (KHTML, like Gecko) Chrome/138.0.0.0 Safari/537.36', 'http://191.252.193.10/', '2025-08-10 17:29:11'),
(32, 'usuario', NULL, 0, '200.176.2.30', 'Mozilla/5.0 (Windows NT 10.0; Win64; x64) AppleWebKit/537.36 (KHTML, like Gecko) Chrome/138.0.0.0 Safari/537.36', 'http://191.252.193.10/', '2025-08-10 17:30:33'),
(33, 'usuario', NULL, 0, '200.176.2.30', 'Mozilla/5.0 (Windows NT 10.0; Win64; x64) AppleWebKit/537.36 (KHTML, like Gecko) Chrome/138.0.0.0 Safari/537.36', 'http://191.252.193.10/', '2025-08-10 17:30:37'),
(34, 'admin', 1, 1, '200.176.2.30', 'Mozilla/5.0 (Windows NT 10.0; Win64; x64) AppleWebKit/537.36 (KHTML, like Gecko) Chrome/138.0.0.0 Safari/537.36', 'http://191.252.193.10/', '2025-08-10 17:30:42'),
(35, 'teste3', NULL, 0, '200.176.2.30', 'Mozilla/5.0 (Windows NT 10.0; Win64; x64) AppleWebKit/537.36 (KHTML, like Gecko) Chrome/138.0.0.0 Safari/537.36', 'http://191.252.193.10/', '2025-08-10 17:31:45'),
(36, 'teste2', 2, 1, '200.176.2.30', 'Mozilla/5.0 (Windows NT 10.0; Win64; x64) AppleWebKit/537.36 (KHTML, like Gecko) Chrome/138.0.0.0 Safari/537.36', 'http://191.252.193.10/', '2025-08-10 17:32:27'),
(37, 'admin', 1, 1, '200.176.2.30', 'Mozilla/5.0 (Windows NT 10.0; Win64; x64) AppleWebKit/537.36 (KHTML, like Gecko) Chrome/138.0.0.0 Safari/537.36', 'http://191.252.193.10/login.html', '2025-08-10 17:32:35'),
(38, 'juninho123', 5, 1, '200.176.2.30', 'Mozilla/5.0 (Windows NT 10.0; Win64; x64) AppleWebKit/537.36 (KHTML, like Gecko) Chrome/138.0.0.0 Safari/537.36', 'http://191.252.193.10/login.html', '2025-08-10 17:33:00'),
(39, 'teste2', 2, 1, '200.176.2.30', 'Mozilla/5.0 (Windows NT 10.0; Win64; x64) AppleWebKit/537.36 (KHTML, like Gecko) Chrome/138.0.0.0 Safari/537.36', 'http://191.252.193.10/login.html', '2025-08-10 17:33:29'),
(40, 'teste2', 2, 1, '200.176.2.30', 'Mozilla/5.0 (Windows NT 10.0; Win64; x64) AppleWebKit/537.36 (KHTML, like Gecko) Chrome/138.0.0.0 Safari/537.36', 'http://191.252.193.10/login.html', '2025-08-10 17:35:09'),
(41, 'Admin', NULL, 0, '200.176.2.30', 'Mozilla/5.0 (iPhone; CPU iPhone OS 18_5_0 like Mac OS X) AppleWebKit/605.1.15 (KHTML, like Gecko) CriOS/139.0.7258.76 Mobile/15E148 Safari/604.1', 'http://191.252.193.10/login.html', '2025-08-11 03:10:27'),
(42, 'admin', 1, 1, '200.176.2.30', 'Mozilla/5.0 (iPhone; CPU iPhone OS 18_5_0 like Mac OS X) AppleWebKit/605.1.15 (KHTML, like Gecko) CriOS/139.0.7258.76 Mobile/15E148 Safari/604.1', 'http://191.252.193.10/login.html', '2025-08-11 03:10:32'),
(43, 'admin', 1, 1, '200.176.2.24', 'Mozilla/5.0 (Windows NT 10.0; Win64; x64) AppleWebKit/537.36 (KHTML, like Gecko) Chrome/139.0.0.0 Safari/537.36', 'http://191.252.193.10/', '2025-08-13 22:14:46'),
(44, 'admin', 1, 1, '200.176.2.24', 'Mozilla/5.0 (Windows NT 10.0; Win64; x64) AppleWebKit/537.36 (KHTML, like Gecko) Chrome/139.0.0.0 Safari/537.36', 'http://191.252.193.10/', '2025-08-13 22:14:58'),
(45, 'admin', 1, 1, '185.220.101.153', 'Mozilla/5.0 (X11; Linux x86_64; rv:128.0) Gecko/20100101 Firefox/128.0', 'http://191.252.193.10/', '2025-08-14 02:06:10'),
(46, 'admin’', NULL, 0, '200.176.2.24', 'Mozilla/5.0 (iPhone; CPU iPhone OS 18_5_0 like Mac OS X) AppleWebKit/605.1.15 (KHTML, like Gecko) CriOS/139.0.7258.76 Mobile/15E148 Safari/604.1', 'http://191.252.193.10/', '2025-08-15 00:58:25'),
(47, 'admin”', NULL, 0, '200.176.2.24', 'Mozilla/5.0 (iPhone; CPU iPhone OS 18_5_0 like Mac OS X) AppleWebKit/605.1.15 (KHTML, like Gecko) CriOS/139.0.7258.76 Mobile/15E148 Safari/604.1', 'http://191.252.193.10/', '2025-08-15 00:58:32'),
(48, 'admin', NULL, 0, '200.176.2.24', 'Mozilla/5.0 (iPhone; CPU iPhone OS 18_5_0 like Mac OS X) AppleWebKit/605.1.15 (KHTML, like Gecko) CriOS/139.0.7258.76 Mobile/15E148 Safari/604.1', 'http://191.252.193.10/', '2025-08-15 00:58:37'),
(49, 'admin', NULL, 0, '200.176.2.24', 'Mozilla/5.0 (iPhone; CPU iPhone OS 18_5_0 like Mac OS X) AppleWebKit/605.1.15 (KHTML, like Gecko) CriOS/139.0.7258.76 Mobile/15E148 Safari/604.1', 'http://191.252.193.10/', '2025-08-15 00:58:42'),
(50, 'admin', NULL, 0, '200.176.2.24', 'Mozilla/5.0 (iPhone; CPU iPhone OS 18_5_0 like Mac OS X) AppleWebKit/605.1.15 (KHTML, like Gecko) CriOS/139.0.7258.76 Mobile/15E148 Safari/604.1', 'http://191.252.193.10/', '2025-08-15 00:58:43'),
(51, 'admin”', NULL, 0, '200.176.2.24', 'Mozilla/5.0 (iPhone; CPU iPhone OS 18_5_0 like Mac OS X) AppleWebKit/605.1.15 (KHTML, like Gecko) CriOS/139.0.7258.76 Mobile/15E148 Safari/604.1', 'http://191.252.193.10/', '2025-08-15 00:58:47'),
(52, 'admin”', NULL, 0, '200.176.2.24', 'Mozilla/5.0 (iPhone; CPU iPhone OS 18_5_0 like Mac OS X) AppleWebKit/605.1.15 (KHTML, like Gecko) CriOS/139.0.7258.76 Mobile/15E148 Safari/604.1', 'http://191.252.193.10/', '2025-08-15 00:58:48'),
(53, 'admin', NULL, 0, '200.176.2.24', 'Mozilla/5.0 (iPhone; CPU iPhone OS 18_5_0 like Mac OS X) AppleWebKit/605.1.15 (KHTML, like Gecko) CriOS/139.0.7258.76 Mobile/15E148 Safari/604.1', 'http://191.252.193.10/', '2025-08-15 00:59:05'),
(54, 'admin”', NULL, 0, '200.176.2.24', 'Mozilla/5.0 (iPhone; CPU iPhone OS 18_5_0 like Mac OS X) AppleWebKit/605.1.15 (KHTML, like Gecko) CriOS/139.0.7258.76 Mobile/15E148 Safari/604.1', 'http://191.252.193.10/', '2025-08-15 00:59:08'),
(55, 'as', NULL, 0, '200.176.2.24', 'Mozilla/5.0 (Windows NT 10.0; Win64; x64) AppleWebKit/537.36 (KHTML, like Gecko) Chrome/139.0.0.0 Safari/537.36', 'http://191.252.193.10/', '2025-08-15 13:52:08'),
(56, 'asas', NULL, 0, '200.176.2.24', 'Mozilla/5.0 (X11; Linux x86_64) AppleWebKit/537.36 (KHTML, like Gecko) Chrome/137.0.0.0 Safari/537.36', 'http://191.252.193.10/', '2025-08-15 13:52:52'),
(57, 'asas', NULL, 0, '200.176.2.24', 'Mozilla/5.0 (X11; Linux x86_64) AppleWebKit/537.36 (KHTML, like Gecko) Chrome/137.0.0.0 Safari/537.36', 'http://191.252.193.10/', '2025-08-15 13:53:09'),
(58, 'asas--', NULL, 0, '200.176.2.24', 'Mozilla/5.0 (X11; Linux x86_64) AppleWebKit/537.36 (KHTML, like Gecko) Chrome/137.0.0.0 Safari/537.36', 'http://191.252.193.10/', '2025-08-15 13:53:17'),
(59, 'admin', 1, 1, '200.176.2.24', 'Mozilla/5.0 (X11; Linux x86_64) AppleWebKit/537.36 (KHTML, like Gecko) Chrome/137.0.0.0 Safari/537.36', 'http://191.252.193.10/', '2025-08-15 13:55:11'),
(60, 'asas--', NULL, 0, '200.176.2.24', 'Mozilla/5.0 (X11; Linux x86_64) AppleWebKit/537.36 (KHTML, like Gecko) Chrome/137.0.0.0 Safari/537.36', 'http://191.252.193.10/', '2025-08-15 13:55:20'),
(61, 'admin', NULL, 0, '200.176.2.24', 'Mozilla/5.0 (X11; Linux x86_64) AppleWebKit/537.36 (KHTML, like Gecko) Chrome/137.0.0.0 Safari/537.36', 'http://191.252.193.10/', '2025-08-15 13:58:20'),
(62, 'admin', NULL, 0, '200.176.2.24', 'Mozilla/5.0 (X11; Linux x86_64) AppleWebKit/537.36 (KHTML, like Gecko) Chrome/137.0.0.0 Safari/537.36', 'http://191.252.193.10/', '2025-08-15 13:58:48'),
(63, 'admin', NULL, 0, '200.176.2.24', 'Mozilla/5.0 (X11; Linux x86_64) AppleWebKit/537.36 (KHTML, like Gecko) Chrome/137.0.0.0 Safari/537.36', 'http://191.252.193.10/', '2025-08-15 14:11:31'),
(64, 'admin', 1, 1, '200.176.2.24', 'Mozilla/5.0 (X11; Linux x86_64) AppleWebKit/537.36 (KHTML, like Gecko) Chrome/137.0.0.0 Safari/537.36', 'http://191.252.193.10/', '2025-08-15 14:11:32'),
(65, 'admin', NULL, 0, '200.176.2.24', 'Mozilla/5.0 (X11; Linux x86_64) AppleWebKit/537.36 (KHTML, like Gecko) Chrome/137.0.0.0 Safari/537.36', 'http://191.252.193.10/', '2025-08-15 14:11:32'),
(66, 'admin', NULL, 0, '200.176.2.24', 'Mozilla/5.0 (X11; Linux x86_64) AppleWebKit/537.36 (KHTML, like Gecko) Chrome/137.0.0.0 Safari/537.36', 'http://191.252.193.10/', '2025-08-15 14:11:33'),
(67, 'admin', NULL, 0, '200.176.2.24', 'Mozilla/5.0 (X11; Linux x86_64) AppleWebKit/537.36 (KHTML, like Gecko) Chrome/137.0.0.0 Safari/537.36', 'http://191.252.193.10/', '2025-08-15 14:11:33'),
(68, 'admin', NULL, 0, '200.176.2.24', 'Mozilla/5.0 (X11; Linux x86_64) AppleWebKit/537.36 (KHTML, like Gecko) Chrome/137.0.0.0 Safari/537.36', 'http://191.252.193.10/', '2025-08-15 14:11:34'),
(69, 'admin', NULL, 0, '200.176.2.24', 'Mozilla/5.0 (X11; Linux x86_64) AppleWebKit/537.36 (KHTML, like Gecko) Chrome/137.0.0.0 Safari/537.36', 'http://191.252.193.10/', '2025-08-15 14:11:37'),
(70, 'admin', NULL, 0, '200.176.2.24', 'Mozilla/5.0 (X11; Linux x86_64) AppleWebKit/537.36 (KHTML, like Gecko) Chrome/137.0.0.0 Safari/537.36', 'http://191.252.193.10/', '2025-08-15 14:11:38'),
(71, 'admin', NULL, 0, '200.176.2.24', 'Mozilla/5.0 (X11; Linux x86_64) AppleWebKit/537.36 (KHTML, like Gecko) Chrome/137.0.0.0 Safari/537.36', 'http://191.252.193.10/', '2025-08-15 14:11:38'),
(72, 'admin', NULL, 0, '200.176.2.24', 'Mozilla/5.0 (X11; Linux x86_64) AppleWebKit/537.36 (KHTML, like Gecko) Chrome/137.0.0.0 Safari/537.36', 'http://191.252.193.10/', '2025-08-15 14:11:39'),
(73, 'admin', NULL, 0, '200.176.2.24', 'Mozilla/5.0 (X11; Linux x86_64) AppleWebKit/537.36 (KHTML, like Gecko) Chrome/137.0.0.0 Safari/537.36', 'http://191.252.193.10/', '2025-08-15 14:11:39'),
(74, 'admin', NULL, 0, '200.176.2.24', 'Mozilla/5.0 (X11; Linux x86_64) AppleWebKit/537.36 (KHTML, like Gecko) Chrome/137.0.0.0 Safari/537.36', 'http://191.252.193.10/', '2025-08-15 14:11:40'),
(75, 'admin', NULL, 0, '200.176.2.24', 'Mozilla/5.0 (X11; Linux x86_64) AppleWebKit/537.36 (KHTML, like Gecko) Chrome/137.0.0.0 Safari/537.36', 'http://191.252.193.10/', '2025-08-15 14:11:41'),
(76, 'admin', NULL, 0, '200.176.2.24', 'Mozilla/5.0 (X11; Linux x86_64) AppleWebKit/537.36 (KHTML, like Gecko) Chrome/137.0.0.0 Safari/537.36', 'http://191.252.193.10/', '2025-08-15 14:11:41'),
(77, 'admin', NULL, 0, '200.176.2.24', 'Mozilla/5.0 (X11; Linux x86_64) AppleWebKit/537.36 (KHTML, like Gecko) Chrome/137.0.0.0 Safari/537.36', 'http://191.252.193.10/', '2025-08-15 14:11:45'),
(78, 'admin', NULL, 0, '200.176.2.24', 'Mozilla/5.0 (X11; Linux x86_64) AppleWebKit/537.36 (KHTML, like Gecko) Chrome/137.0.0.0 Safari/537.36', 'http://191.252.193.10/', '2025-08-15 14:11:46'),
(79, 'admin', NULL, 0, '200.176.2.24', 'Mozilla/5.0 (X11; Linux x86_64) AppleWebKit/537.36 (KHTML, like Gecko) Chrome/137.0.0.0 Safari/537.36', 'http://191.252.193.10/', '2025-08-15 14:11:50'),
(80, 'admin', NULL, 0, '200.176.2.24', 'Mozilla/5.0 (X11; Linux x86_64) AppleWebKit/537.36 (KHTML, like Gecko) Chrome/137.0.0.0 Safari/537.36', 'http://191.252.193.10/', '2025-08-15 14:11:52'),
(81, 'admin', NULL, 0, '200.176.2.24', 'Mozilla/5.0 (X11; Linux x86_64) AppleWebKit/537.36 (KHTML, like Gecko) Chrome/137.0.0.0 Safari/537.36', 'http://191.252.193.10/', '2025-08-15 14:11:54'),
(82, 'admin', NULL, 0, '200.176.2.24', 'Mozilla/5.0 (X11; Linux x86_64) AppleWebKit/537.36 (KHTML, like Gecko) Chrome/137.0.0.0 Safari/537.36', 'http://191.252.193.10/', '2025-08-15 14:11:54'),
(83, 'admin', NULL, 0, '200.176.2.24', 'Mozilla/5.0 (X11; Linux x86_64) AppleWebKit/537.36 (KHTML, like Gecko) Chrome/137.0.0.0 Safari/537.36', 'http://191.252.193.10/', '2025-08-15 14:11:59'),
(84, 'admin', NULL, 0, '200.176.2.24', 'Mozilla/5.0 (X11; Linux x86_64) AppleWebKit/537.36 (KHTML, like Gecko) Chrome/137.0.0.0 Safari/537.36', 'http://191.252.193.10/', '2025-08-15 14:12:01'),
(85, 'admin', NULL, 0, '200.176.2.24', 'Mozilla/5.0 (X11; Linux x86_64) AppleWebKit/537.36 (KHTML, like Gecko) Chrome/137.0.0.0 Safari/537.36', 'http://191.252.193.10/', '2025-08-15 14:12:02'),
(86, 'admin', NULL, 0, '200.176.2.24', 'Mozilla/5.0 (X11; Linux x86_64) AppleWebKit/537.36 (KHTML, like Gecko) Chrome/137.0.0.0 Safari/537.36', 'http://191.252.193.10/', '2025-08-15 14:12:10'),
(87, 'admin', NULL, 0, '200.176.2.24', 'Mozilla/5.0 (X11; Linux x86_64) AppleWebKit/537.36 (KHTML, like Gecko) Chrome/137.0.0.0 Safari/537.36', 'http://191.252.193.10/', '2025-08-15 14:12:13'),
(88, 'admin', NULL, 0, '200.176.2.24', 'Mozilla/5.0 (X11; Linux x86_64) AppleWebKit/537.36 (KHTML, like Gecko) Chrome/137.0.0.0 Safari/537.36', 'http://191.252.193.10/', '2025-08-15 14:12:14'),
(89, 'admin', NULL, 0, '200.176.2.24', 'Mozilla/5.0 (X11; Linux x86_64) AppleWebKit/537.36 (KHTML, like Gecko) Chrome/137.0.0.0 Safari/537.36', 'http://191.252.193.10/', '2025-08-15 14:12:16'),
(90, 'admin', NULL, 0, '200.176.2.24', 'Mozilla/5.0 (X11; Linux x86_64) AppleWebKit/537.36 (KHTML, like Gecko) Chrome/137.0.0.0 Safari/537.36', 'http://191.252.193.10/', '2025-08-15 14:12:17'),
(91, 'admin', NULL, 0, '200.176.2.24', 'Mozilla/5.0 (X11; Linux x86_64) AppleWebKit/537.36 (KHTML, like Gecko) Chrome/137.0.0.0 Safari/537.36', 'http://191.252.193.10/', '2025-08-15 14:12:20'),
(92, 'admin', NULL, 0, '200.176.2.24', 'Mozilla/5.0 (X11; Linux x86_64) AppleWebKit/537.36 (KHTML, like Gecko) Chrome/137.0.0.0 Safari/537.36', 'http://191.252.193.10/', '2025-08-15 14:12:21'),
(93, 'admin', NULL, 0, '200.176.2.24', 'Mozilla/5.0 (X11; Linux x86_64) AppleWebKit/537.36 (KHTML, like Gecko) Chrome/137.0.0.0 Safari/537.36', 'http://191.252.193.10/', '2025-08-15 14:12:23'),
(94, 'admin', NULL, 0, '200.176.2.24', 'Mozilla/5.0 (X11; Linux x86_64) AppleWebKit/537.36 (KHTML, like Gecko) Chrome/137.0.0.0 Safari/537.36', 'http://191.252.193.10/', '2025-08-15 14:12:28'),
(95, 'admin', NULL, 0, '200.176.2.24', 'Mozilla/5.0 (X11; Linux x86_64) AppleWebKit/537.36 (KHTML, like Gecko) Chrome/137.0.0.0 Safari/537.36', 'http://191.252.193.10/', '2025-08-15 14:12:30'),
(96, 'admin', NULL, 0, '200.176.2.24', 'Mozilla/5.0 (X11; Linux x86_64) AppleWebKit/537.36 (KHTML, like Gecko) Chrome/137.0.0.0 Safari/537.36', 'http://191.252.193.10/', '2025-08-15 14:12:46'),
(97, 'admin', NULL, 0, '200.176.2.24', 'Mozilla/5.0 (X11; Linux x86_64) AppleWebKit/537.36 (KHTML, like Gecko) Chrome/137.0.0.0 Safari/537.36', 'http://191.252.193.10/', '2025-08-15 14:12:49'),
(98, 'admin', NULL, 0, '200.176.2.24', 'Mozilla/5.0 (X11; Linux x86_64) AppleWebKit/537.36 (KHTML, like Gecko) Chrome/137.0.0.0 Safari/537.36', 'http://191.252.193.10/', '2025-08-15 14:12:51'),
(99, 'admin', NULL, 0, '200.176.2.24', 'Mozilla/5.0 (X11; Linux x86_64) AppleWebKit/537.36 (KHTML, like Gecko) Chrome/137.0.0.0 Safari/537.36', 'http://191.252.193.10/', '2025-08-15 14:12:54'),
(100, 'admin', NULL, 0, '200.176.2.24', 'Mozilla/5.0 (X11; Linux x86_64) AppleWebKit/537.36 (KHTML, like Gecko) Chrome/137.0.0.0 Safari/537.36', 'http://191.252.193.10/', '2025-08-15 14:12:55'),
(101, 'admin', NULL, 0, '200.176.2.24', 'Mozilla/5.0 (X11; Linux x86_64) AppleWebKit/537.36 (KHTML, like Gecko) Chrome/137.0.0.0 Safari/537.36', 'http://191.252.193.10/', '2025-08-15 14:13:12'),
(102, 'admin', 1, 1, '200.176.2.24', 'Mozilla/5.0 (X11; Linux x86_64) AppleWebKit/537.36 (KHTML, like Gecko) Chrome/137.0.0.0 Safari/537.36', 'http://191.252.193.10/', '2025-08-15 15:04:27'),
(103, 'admin', 1, 1, '200.176.2.24', 'Mozilla/5.0 (X11; Linux x86_64) AppleWebKit/537.36 (KHTML, like Gecko) Chrome/137.0.0.0 Safari/537.36', 'http://191.252.193.10/', '2025-08-15 15:05:00'),
(104, 'admin', NULL, 0, '200.176.2.24', 'Mozilla/5.0 (X11; Linux x86_64) AppleWebKit/537.36 (KHTML, like Gecko) Chrome/137.0.0.0 Safari/537.36', 'http://191.252.193.10/', '2025-08-15 15:11:15'),
(105, 'admin', 1, 1, '200.176.2.24', 'Mozilla/5.0 (X11; Linux x86_64) AppleWebKit/537.36 (KHTML, like Gecko) Chrome/137.0.0.0 Safari/537.36', 'http://191.252.193.10/', '2025-08-15 15:11:25'),
(106, 'admin', 1, 1, '200.176.2.30', 'Mozilla/5.0 (Windows NT 10.0; Win64; x64) AppleWebKit/537.36 (KHTML, like Gecko) Chrome/139.0.0.0 Safari/537.36', 'http://191.252.193.10/', '2025-08-21 22:06:11'),
(107, 'admin', 1, 1, '200.176.2.30', 'Mozilla/5.0 (Windows NT 10.0; Win64; x64) AppleWebKit/537.36 (KHTML, like Gecko) Chrome/139.0.0.0 Safari/537.36', 'http://191.252.193.10/', '2025-08-21 22:55:25'),
(108, 'admin', 1, 1, '200.176.2.30', 'Mozilla/5.0 (Windows NT 10.0; Win64; x64) AppleWebKit/537.36 (KHTML, like Gecko) Chrome/139.0.0.0 Safari/537.36', 'http://191.252.193.10/', '2025-08-21 22:55:35'),
(109, 'teste2', NULL, 0, '200.176.2.30', 'Mozilla/5.0 (Windows NT 10.0; Win64; x64) AppleWebKit/537.36 (KHTML, like Gecko) Chrome/139.0.0.0 Safari/537.36', 'http://191.252.193.10/', '2025-08-21 22:56:14'),
(110, 'teste2', 2, 1, '200.176.2.30', 'Mozilla/5.0 (Windows NT 10.0; Win64; x64) AppleWebKit/537.36 (KHTML, like Gecko) Chrome/139.0.0.0 Safari/537.36', 'http://191.252.193.10/', '2025-08-21 22:56:20'),
(111, 'admin', 1, 1, '200.176.2.30', 'Mozilla/5.0 (Windows NT 10.0; Win64; x64) AppleWebKit/537.36 (KHTML, like Gecko) Chrome/139.0.0.0 Safari/537.36', 'http://191.252.193.10/login.html', '2025-08-21 22:56:28'),
(112, 'admin', 1, 1, '200.176.2.30', 'Mozilla/5.0 (Windows NT 10.0; Win64; x64) AppleWebKit/537.36 (KHTML, like Gecko) Chrome/139.0.0.0 Safari/537.36', 'http://191.252.193.10/login.html', '2025-08-21 23:00:37'),
(113, 'testando123', 7, 1, '200.176.2.30', 'Mozilla/5.0 (Windows NT 10.0; Win64; x64) AppleWebKit/537.36 (KHTML, like Gecko) Chrome/139.0.0.0 Safari/537.36', 'http://191.252.193.10/login.html', '2025-08-21 23:01:00'),
(114, 'admin', 1, 1, '200.176.2.30', 'Mozilla/5.0 (iPhone; CPU iPhone OS 18_5_0 like Mac OS X) AppleWebKit/605.1.15 (KHTML, like Gecko) CriOS/139.0.7258.76 Mobile/15E148 Safari/604.1', 'http://191.252.193.10/', '2025-08-21 23:04:41'),
(115, 'admin', 1, 1, '200.176.2.30', 'Mozilla/5.0 (Windows NT 10.0; Win64; x64) AppleWebKit/537.36 (KHTML, like Gecko) Chrome/139.0.0.0 Safari/537.36', 'http://191.252.193.10/login.html', '2025-08-21 23:08:06'),
(116, 'admin', 1, 1, '200.176.2.30', 'Mozilla/5.0 (Windows NT 10.0; Win64; x64) AppleWebKit/537.36 (KHTML, like Gecko) Chrome/139.0.0.0 Safari/537.36', 'http://191.252.193.10/login.html', '2025-08-21 23:08:09'),
(117, 'admin', 1, 1, '200.176.2.30', 'Mozilla/5.0 (Windows NT 10.0; Win64; x64) AppleWebKit/537.36 (KHTML, like Gecko) Chrome/139.0.0.0 Safari/537.36', 'http://191.252.193.10/login.html', '2025-08-21 23:16:45'),
(118, 'admin', 1, 1, '200.176.2.30', 'Mozilla/5.0 (Windows NT 10.0; Win64; x64) AppleWebKit/537.36 (KHTML, like Gecko) Chrome/139.0.0.0 Safari/537.36', 'http://191.252.193.10/login.html', '2025-08-21 23:20:53'),
(119, 'admin', 1, 1, '200.176.2.30', 'Mozilla/5.0 (Windows NT 10.0; Win64; x64) AppleWebKit/537.36 (KHTML, like Gecko) Chrome/139.0.0.0 Safari/537.36', 'http://191.252.193.10/login.html', '2025-08-21 23:23:02'),
(120, 'admin', 1, 1, '200.176.2.30', 'Mozilla/5.0 (Windows NT 10.0; Win64; x64) AppleWebKit/537.36 (KHTML, like Gecko) Chrome/139.0.0.0 Safari/537.36', 'http://191.252.193.10/login.html', '2025-08-21 23:26:26'),
(121, 'admin', 1, 1, '200.176.2.30', 'Mozilla/5.0 (Windows NT 10.0; Win64; x64) AppleWebKit/537.36 (KHTML, like Gecko) Chrome/139.0.0.0 Safari/537.36', 'http://191.252.193.10/login.html', '2025-08-21 23:28:42'),
(122, 'admin', 1, 1, '200.176.2.30', 'Mozilla/5.0 (Windows NT 10.0; Win64; x64) AppleWebKit/537.36 (KHTML, like Gecko) Chrome/139.0.0.0 Safari/537.36', 'http://191.252.193.10/login.html', '2025-08-21 23:31:38'),
(123, 'admin', 1, 1, '200.176.2.30', 'Mozilla/5.0 (Windows NT 10.0; Win64; x64) AppleWebKit/537.36 (KHTML, like Gecko) Chrome/139.0.0.0 Safari/537.36', 'http://191.252.193.10/login.html', '2025-08-21 23:32:21'),
(124, 'admin', NULL, 0, '200.176.2.30', 'Mozilla/5.0 (Windows NT 10.0; Win64; x64) AppleWebKit/537.36 (KHTML, like Gecko) Chrome/139.0.0.0 Safari/537.36', 'http://191.252.193.10/login.html', '2025-08-21 23:40:47'),
(125, 'admin1', 13, 1, '200.176.2.30', 'Mozilla/5.0 (Windows NT 10.0; Win64; x64) AppleWebKit/537.36 (KHTML, like Gecko) Chrome/139.0.0.0 Safari/537.36', 'http://191.252.193.10/login.html', '2025-08-21 23:40:49'),
(126, 'admin', 1, 1, '200.176.2.30', 'Mozilla/5.0 (Windows NT 10.0; Win64; x64) AppleWebKit/537.36 (KHTML, like Gecko) Chrome/139.0.0.0 Safari/537.36', 'http://191.252.193.10/login.html', '2025-08-21 23:41:03'),
(127, 'admin', 1, 1, '200.176.2.30', 'Mozilla/5.0 (Windows NT 10.0; Win64; x64) AppleWebKit/537.36 (KHTML, like Gecko) Chrome/139.0.0.0 Safari/537.36', 'http://191.252.193.10/login.html', '2025-08-21 23:42:38'),
(128, 'admin', 1, 1, '200.176.2.30', 'Mozilla/5.0 (Windows NT 10.0; Win64; x64) AppleWebKit/537.36 (KHTML, like Gecko) Chrome/139.0.0.0 Safari/537.36', 'http://191.252.193.10/login.html', '2025-08-21 23:44:53'),
(129, 'admin', 1, 1, '200.176.2.30', 'Mozilla/5.0 (Windows NT 10.0; Win64; x64) AppleWebKit/537.36 (KHTML, like Gecko) Chrome/139.0.0.0 Safari/537.36', 'http://191.252.193.10/login.html', '2025-08-21 23:45:29'),
(130, 'admin', 1, 1, '200.176.2.30', 'Mozilla/5.0 (Windows NT 10.0; Win64; x64) AppleWebKit/537.36 (KHTML, like Gecko) Chrome/139.0.0.0 Safari/537.36', 'http://191.252.193.10/login.html', '2025-08-21 23:45:39'),
(131, 'teste123', NULL, 0, '200.176.2.30', 'Mozilla/5.0 (Windows NT 10.0; Win64; x64) AppleWebKit/537.36 (KHTML, like Gecko) Chrome/139.0.0.0 Safari/537.36', 'http://191.252.193.10/login.html', '2025-08-21 23:45:52'),
(132, 'juninho123', 5, 1, '200.176.2.30', 'Mozilla/5.0 (Windows NT 10.0; Win64; x64) AppleWebKit/537.36 (KHTML, like Gecko) Chrome/139.0.0.0 Safari/537.36', 'http://191.252.193.10/login.html', '2025-08-21 23:45:58'),
(133, 'admin', 1, 1, '200.176.2.30', 'Mozilla/5.0 (Windows NT 10.0; Win64; x64) AppleWebKit/537.36 (KHTML, like Gecko) Chrome/139.0.0.0 Safari/537.36', 'http://191.252.193.10/login.html', '2025-08-22 00:31:14'),
(134, 'testando123', NULL, 0, '200.176.2.30', 'Mozilla/5.0 (Windows NT 10.0; Win64; x64) AppleWebKit/537.36 (KHTML, like Gecko) Chrome/139.0.0.0 Safari/537.36', 'http://191.252.193.10/login.html', '2025-08-22 00:31:22'),
(135, 'admin', 1, 1, '200.176.2.30', 'Mozilla/5.0 (Windows NT 10.0; Win64; x64) AppleWebKit/537.36 (KHTML, like Gecko) Chrome/139.0.0.0 Safari/537.36', 'http://191.252.193.10/login.html', '2025-08-22 00:31:29'),
(136, 'testando123', 7, 1, '200.176.2.30', 'Mozilla/5.0 (Windows NT 10.0; Win64; x64) AppleWebKit/537.36 (KHTML, like Gecko) Chrome/139.0.0.0 Safari/537.36', 'http://191.252.193.10/login.html', '2025-08-22 00:31:41'),
(137, 'admin', 1, 1, '200.176.2.30', 'Mozilla/5.0 (Windows NT 10.0; Win64; x64) AppleWebKit/537.36 (KHTML, like Gecko) Chrome/139.0.0.0 Safari/537.36', 'http://191.252.193.10/login.html', '2025-08-22 17:58:29'),
(138, 'admin', 1, 1, '200.176.2.27', 'Mozilla/5.0 (Windows NT 10.0; Win64; x64) AppleWebKit/537.36 (KHTML, like Gecko) Chrome/139.0.0.0 Safari/537.36', 'http://191.252.193.10/login.html', '2025-08-29 20:43:14'),
(139, 'admin', 1, 1, '200.176.2.27', 'Mozilla/5.0 (Windows NT 10.0; Win64; x64) AppleWebKit/537.36 (KHTML, like Gecko) Chrome/139.0.0.0 Safari/537.36', 'http://191.252.193.10/login.html', '2025-08-29 20:43:30'),
(140, 'admin', 1, 1, '104.28.63.115', 'Mozilla/5.0 (iPhone; CPU iPhone OS 18_5 like Mac OS X) AppleWebKit/605.1.15 (KHTML, like Gecko) Version/18.5 Mobile/15E148 Safari/604.1', 'http://191.252.193.10/login.html', '2025-08-29 20:44:37'),
(141, 'admin', 1, 1, '177.30.144.109', 'Mozilla/5.0 (Windows NT 10.0; Win64; x64) AppleWebKit/537.36 (KHTML, like Gecko) Chrome/139.0.0.0 Safari/537.36 Edg/139.0.0.0', 'http://191.252.193.10/login.html', '2025-08-29 23:30:53'),
(142, 'juninho123', NULL, 0, '177.30.144.109', 'Mozilla/5.0 (Windows NT 10.0; Win64; x64) AppleWebKit/537.36 (KHTML, like Gecko) Chrome/139.0.0.0 Safari/537.36 Edg/139.0.0.0', 'http://191.252.193.10/login.html', '2025-08-29 23:31:34'),
(143, 'admin', 1, 1, '177.30.144.109', 'Mozilla/5.0 (Windows NT 10.0; Win64; x64) AppleWebKit/537.36 (KHTML, like Gecko) Chrome/139.0.0.0 Safari/537.36 Edg/139.0.0.0', 'http://191.252.193.10/login.html', '2025-08-29 23:31:43'),
(144, 'juninho123', 5, 1, '177.30.144.109', 'Mozilla/5.0 (Windows NT 10.0; Win64; x64) AppleWebKit/537.36 (KHTML, like Gecko) Chrome/139.0.0.0 Safari/537.36 Edg/139.0.0.0', 'http://191.252.193.10/login.html', '2025-08-29 23:32:14'),
(145, 'juninho123', 5, 1, '45.169.212.149', 'Mozilla/5.0 (Windows NT 10.0; Win64; x64) AppleWebKit/537.36 (KHTML, like Gecko) Chrome/139.0.0.0 Safari/537.36 Edg/139.0.0.0', 'http://191.252.193.10/login.html', '2025-08-30 13:58:47'),
(146, 'admin', NULL, 0, '45.169.212.149', 'Mozilla/5.0 (Windows NT 10.0; Win64; x64) AppleWebKit/537.36 (KHTML, like Gecko) Chrome/139.0.0.0 Safari/537.36 Edg/139.0.0.0', 'http://191.252.193.10/login.html', '2025-08-30 13:59:40'),
(147, 'admin', NULL, 0, '45.169.212.149', 'Mozilla/5.0 (Windows NT 10.0; Win64; x64) AppleWebKit/537.36 (KHTML, like Gecko) Chrome/139.0.0.0 Safari/537.36 Edg/139.0.0.0', 'http://191.252.193.10/login.html', '2025-08-30 13:59:46'),
(148, 'admin', NULL, 0, '45.169.212.149', 'Mozilla/5.0 (Windows NT 10.0; Win64; x64) AppleWebKit/537.36 (KHTML, like Gecko) Chrome/139.0.0.0 Safari/537.36 Edg/139.0.0.0', 'http://191.252.193.10/login.html', '2025-08-30 13:59:58'),
(149, 'admin', NULL, 0, '45.169.212.149', 'Mozilla/5.0 (Windows NT 10.0; Win64; x64) AppleWebKit/537.36 (KHTML, like Gecko) Chrome/139.0.0.0 Safari/537.36 Edg/139.0.0.0', 'http://191.252.193.10/login.html', '2025-08-30 14:00:07'),
(150, 'admin', NULL, 0, '45.169.212.149', 'Mozilla/5.0 (Windows NT 10.0; Win64; x64) AppleWebKit/537.36 (KHTML, like Gecko) Chrome/139.0.0.0 Safari/537.36 Edg/139.0.0.0', 'http://191.252.193.10/login.html', '2025-08-30 14:00:24'),
(151, 'admin', NULL, 0, '45.169.212.149', 'Mozilla/5.0 (Windows NT 10.0; Win64; x64) AppleWebKit/537.36 (KHTML, like Gecko) Chrome/139.0.0.0 Safari/537.36 Edg/139.0.0.0', 'http://191.252.193.10/login.html', '2025-08-30 14:00:51'),
(152, 'admin', NULL, 0, '45.169.212.149', 'Mozilla/5.0 (Windows NT 10.0; Win64; x64) AppleWebKit/537.36 (KHTML, like Gecko) Chrome/139.0.0.0 Safari/537.36 Edg/139.0.0.0', 'http://191.252.193.10/login.html', '2025-08-30 14:00:58'),
(153, 'admin', NULL, 0, '45.169.212.149', 'Mozilla/5.0 (Windows NT 10.0; Win64; x64) AppleWebKit/537.36 (KHTML, like Gecko) Chrome/139.0.0.0 Safari/537.36 Edg/139.0.0.0', 'http://191.252.193.10/login.html', '2025-08-30 14:01:06'),
(154, 'admin', NULL, 0, '45.169.212.149', 'Mozilla/5.0 (Windows NT 10.0; Win64; x64) AppleWebKit/537.36 (KHTML, like Gecko) Chrome/139.0.0.0 Safari/537.36 Edg/139.0.0.0', 'http://191.252.193.10/login.html', '2025-08-30 14:02:25'),
(155, 'admin', NULL, 0, '45.169.212.149', 'Mozilla/5.0 (Windows NT 10.0; Win64; x64) AppleWebKit/537.36 (KHTML, like Gecko) Chrome/139.0.0.0 Safari/537.36 Edg/139.0.0.0', 'http://191.252.193.10/login.html', '2025-08-30 14:04:08'),
(156, 'admin', NULL, 0, '45.169.212.149', 'Mozilla/5.0 (Windows NT 10.0; Win64; x64) AppleWebKit/537.36 (KHTML, like Gecko) Chrome/139.0.0.0 Safari/537.36 Edg/139.0.0.0', 'http://191.252.193.10/login.html', '2025-08-30 14:04:12'),
(157, 'admin', NULL, 0, '45.169.212.149', 'Mozilla/5.0 (Windows NT 10.0; Win64; x64) AppleWebKit/537.36 (KHTML, like Gecko) Chrome/139.0.0.0 Safari/537.36 Edg/139.0.0.0', 'http://191.252.193.10/login.html', '2025-08-30 14:08:28'),
(158, 'admin', NULL, 0, '45.169.212.149', 'Mozilla/5.0 (Windows NT 10.0; Win64; x64) AppleWebKit/537.36 (KHTML, like Gecko) Chrome/139.0.0.0 Safari/537.36 Edg/139.0.0.0', 'http://191.252.193.10/login.html', '2025-08-30 14:08:28'),
(159, 'admin', NULL, 0, '45.169.212.149', 'Mozilla/5.0 (Windows NT 10.0; Win64; x64) AppleWebKit/537.36 (KHTML, like Gecko) Chrome/139.0.0.0 Safari/537.36 Edg/139.0.0.0', 'http://191.252.193.10/login.html', '2025-08-30 14:08:35'),
(160, 'admin', 1, 1, '45.169.212.149', 'Mozilla/5.0 (Windows NT 10.0; Win64; x64) AppleWebKit/537.36 (KHTML, like Gecko) Chrome/138.0.0.0 Safari/537.36', 'http://191.252.193.10/login.html', '2025-08-30 14:32:54'),
(161, 'admin', 1, 1, '45.169.213.187', 'Mozilla/5.0 (Windows NT 10.0; Win64; x64) AppleWebKit/537.36 (KHTML, like Gecko) Chrome/140.0.0.0 Safari/537.36', 'http://191.252.193.10/login.html', '2025-09-06 19:53:47'),
(162, 'admin', 1, 1, '45.169.213.187', 'Mozilla/5.0 (Windows NT 10.0; Win64; x64) AppleWebKit/537.36 (KHTML, like Gecko) Chrome/140.0.0.0 Safari/537.36', 'http://191.252.193.10/login.html', '2025-09-06 19:53:57'),
(163, 'admin', 1, 1, '45.169.213.187', 'Mozilla/5.0 (Windows NT 10.0; Win64; x64) AppleWebKit/537.36 (KHTML, like Gecko) Chrome/140.0.0.0 Safari/537.36', 'http://191.252.193.10/login.html', '2025-09-06 19:54:10'),
(164, 'juninho123', 5, 1, '45.169.213.187', 'Mozilla/5.0 (Windows NT 10.0; Win64; x64) AppleWebKit/537.36 (KHTML, like Gecko) Chrome/140.0.0.0 Safari/537.36', 'http://191.252.193.10/login.html', '2025-09-06 19:54:26'),
(165, 'admin', NULL, 0, '200.171.196.18', 'Mozilla/5.0 (Windows NT 10.0; Win64; x64) AppleWebKit/537.36 (KHTML, like Gecko) Chrome/140.0.0.0 Safari/537.36', 'http://191.252.193.10/login.html', '2025-09-27 14:03:04'),
(166, 'admin', NULL, 0, '200.171.196.18', 'Mozilla/5.0 (Windows NT 10.0; Win64; x64) AppleWebKit/537.36 (KHTML, like Gecko) Chrome/140.0.0.0 Safari/537.36', 'http://191.252.193.10/login.html', '2025-09-27 14:03:08'),
(167, 'admin', NULL, 0, '200.171.196.18', 'Mozilla/5.0 (Windows NT 10.0; Win64; x64) AppleWebKit/537.36 (KHTML, like Gecko) Chrome/140.0.0.0 Safari/537.36', 'http://191.252.193.10/login.html', '2025-09-27 14:03:13'),
(168, 'admin', 1, 1, '200.171.196.18', 'Mozilla/5.0 (Windows NT 10.0; Win64; x64) AppleWebKit/537.36 (KHTML, like Gecko) Chrome/140.0.0.0 Safari/537.36', 'http://191.252.193.10/login.html', '2025-09-27 14:03:17'),
(169, 'admin', 1, 1, '200.171.196.18', 'Mozilla/5.0 (Windows NT 10.0; Win64; x64) AppleWebKit/537.36 (KHTML, like Gecko) Chrome/140.0.0.0 Safari/537.36', 'http://191.252.193.10/login.html', '2025-09-27 14:04:14'),
(170, 'juninho123', NULL, 0, '200.171.196.18', 'Mozilla/5.0 (Windows NT 10.0; Win64; x64) AppleWebKit/537.36 (KHTML, like Gecko) Chrome/140.0.0.0 Safari/537.36', 'http://191.252.193.10/login.html', '2025-09-27 14:04:40'),
(171, 'juninho123', 5, 1, '200.171.196.18', 'Mozilla/5.0 (Windows NT 10.0; Win64; x64) AppleWebKit/537.36 (KHTML, like Gecko) Chrome/140.0.0.0 Safari/537.36', 'http://191.252.193.10/login.html', '2025-09-27 14:04:44'),
(172, 'admin', NULL, 0, '200.176.2.24', 'Mozilla/5.0 (Windows NT 10.0; Win64; x64) AppleWebKit/537.36 (KHTML, like Gecko) Chrome/140.0.0.0 Safari/537.36', 'http://191.252.193.10:3000/login.html', '2025-10-06 16:23:52'),
(173, 'admin', NULL, 0, '200.176.2.24', 'Mozilla/5.0 (Windows NT 10.0; Win64; x64) AppleWebKit/537.36 (KHTML, like Gecko) Chrome/140.0.0.0 Safari/537.36', 'http://191.252.193.10:3000/login.html', '2025-10-06 16:23:56'),
(174, 'admin', NULL, 0, '200.176.2.24', 'Mozilla/5.0 (Windows NT 10.0; Win64; x64) AppleWebKit/537.36 (KHTML, like Gecko) Chrome/140.0.0.0 Safari/537.36', 'http://191.252.193.10:3000/login.html', '2025-10-06 16:24:00'),
(175, 'admin', NULL, 0, '200.176.2.24', 'Mozilla/5.0 (Windows NT 10.0; Win64; x64) AppleWebKit/537.36 (KHTML, like Gecko) Chrome/140.0.0.0 Safari/537.36', 'http://191.252.193.10:3000/login.html', '2025-10-06 16:24:03'),
(176, 'admin', NULL, 0, '200.176.2.24', 'Mozilla/5.0 (Windows NT 10.0; Win64; x64) AppleWebKit/537.36 (KHTML, like Gecko) Chrome/140.0.0.0 Safari/537.36', 'http://191.252.193.10:3000/login.html', '2025-10-06 16:24:08'),
(177, 'admin', NULL, 0, '200.176.2.24', 'Mozilla/5.0 (Windows NT 10.0; Win64; x64) AppleWebKit/537.36 (KHTML, like Gecko) Chrome/140.0.0.0 Safari/537.36', 'http://191.252.193.10:3000/login.html', '2025-10-06 16:24:13'),
(178, 'admin', 1, 1, '200.176.2.24', 'Mozilla/5.0 (Windows NT 10.0; Win64; x64) AppleWebKit/537.36 (KHTML, like Gecko) Chrome/140.0.0.0 Safari/537.36', 'http://191.252.193.10:3000/login.html', '2025-10-06 16:28:43'),
(179, 'juninho123', 5, 1, '127.0.0.1', 'Mozilla/5.0 (Windows NT 10.0; Win64; x64) AppleWebKit/537.36 (KHTML, like Gecko) Chrome/140.0.0.0 Safari/537.36', 'http://www.smartfarmai.com.br/login.html', '2025-10-06 23:11:49'),
(180, 'admin', NULL, 0, '127.0.0.1', 'Mozilla/5.0 (Windows NT 10.0; Win64; x64) AppleWebKit/537.36 (KHTML, like Gecko) Chrome/140.0.0.0 Safari/537.36', 'http://www.smartfarmai.com.br/login.html', '2025-10-07 00:03:50'),
(181, 'admin', NULL, 0, '127.0.0.1', 'Mozilla/5.0 (Windows NT 10.0; Win64; x64) AppleWebKit/537.36 (KHTML, like Gecko) Chrome/140.0.0.0 Safari/537.36', 'http://www.smartfarmai.com.br/login.html', '2025-10-07 00:03:55'),
(182, 'juninho123', 5, 1, '200.176.2.24', 'Mozilla/5.0 (Windows NT 10.0; Win64; x64) AppleWebKit/537.36 (KHTML, like Gecko) Chrome/140.0.0.0 Safari/537.36', 'http://191.252.193.10/login.html', '2025-10-07 00:48:32'),
(183, 'admin', 1, 1, '200.176.2.24', 'Mozilla/5.0 (Windows NT 10.0; Win64; x64) AppleWebKit/537.36 (KHTML, like Gecko) Chrome/140.0.0.0 Safari/537.36', 'http://191.252.193.10/login.html', '2025-10-07 01:14:39'),
(184, 'juninho123', 5, 1, '200.176.2.30', 'Mozilla/5.0 (Windows NT 10.0; Win64; x64) AppleWebKit/537.36 (KHTML, like Gecko) Chrome/140.0.0.0 Safari/537.36', 'http://191.252.193.10/login.html', '2025-10-07 17:40:20'),
(185, 'pedro123', 17, 1, '127.0.0.1', 'Mozilla/5.0 (Windows NT 10.0; Win64; x64) AppleWebKit/537.36 (KHTML, like Gecko) Chrome/141.0.0.0 Safari/537.36 Edg/141.0.0.0', 'http://www.smartfarmai.com.br/login.html', '2025-10-08 01:38:24'),
(186, 'admin', 1, 1, '127.0.0.1', 'Mozilla/5.0 (iPhone; CPU iPhone OS 18_6 like Mac OS X) AppleWebKit/605.1.15 (KHTML, like Gecko) Version/26.0 Mobile/15E148 Safari/604.1', 'http://www.smartfarmai.com.br/login.html', '2025-10-08 01:41:53'),
(187, 'juninho123', 5, 1, '127.0.0.1', 'Mozilla/5.0 (iPhone; CPU iPhone OS 18_6 like Mac OS X) AppleWebKit/605.1.15 (KHTML, like Gecko) Version/26.0 Mobile/15E148 Safari/604.1', 'http://www.smartfarmai.com.br/login.html', '2025-10-08 01:42:36'),
(188, 'pedro123', 17, 1, '127.0.0.1', 'Mozilla/5.0 (iPhone; CPU iPhone OS 18_6_2 like Mac OS X) AppleWebKit/605.1.15 (KHTML, like Gecko) Version/18.6 Mobile/15E148 Safari/604.1', 'http://www.smartfarmai.com.br/login.html', '2025-10-08 01:42:42'),
(189, 'admin', 1, 1, '127.0.0.1', 'Mozilla/5.0 (Windows NT 10.0; Win64; x64) AppleWebKit/537.36 (KHTML, like Gecko) Chrome/140.0.0.0 Safari/537.36', 'http://www.smartfarmai.com.br/login.html', '2025-10-08 01:59:19'),
(190, 'juninho123', 5, 1, '127.0.0.1', 'Mozilla/5.0 (Windows NT 10.0; Win64; x64) AppleWebKit/537.36 (KHTML, like Gecko) Chrome/140.0.0.0 Safari/537.36', 'http://www.smartfarmai.com.br/login.html', '2025-10-08 02:01:58'),
(191, 'admin', 1, 1, '127.0.0.1', 'Mozilla/5.0 (Windows NT 10.0; Win64; x64) AppleWebKit/537.36 (KHTML, like Gecko) Chrome/141.0.0.0 Safari/537.36 Edg/141.0.0.0', 'http://www.smartfarmai.com.br/login.html', '2025-10-08 02:07:13'),
(192, 'admin', NULL, 0, '127.0.0.1', 'Mozilla/5.0 (Windows NT 10.0; Win64; x64) AppleWebKit/537.36 (KHTML, like Gecko) Chrome/140.0.0.0 Safari/537.36', 'http://www.smartfarmai.com.br/login.html', '2025-10-08 13:17:46'),
(193, 'admin', NULL, 0, '127.0.0.1', 'Mozilla/5.0 (Windows NT 10.0; Win64; x64) AppleWebKit/537.36 (KHTML, like Gecko) Chrome/140.0.0.0 Safari/537.36', 'http://www.smartfarmai.com.br/login.html', '2025-10-08 13:17:48'),
(194, 'admin', NULL, 0, '127.0.0.1', 'Mozilla/5.0 (Windows NT 10.0; Win64; x64) AppleWebKit/537.36 (KHTML, like Gecko) Chrome/140.0.0.0 Safari/537.36', 'http://www.smartfarmai.com.br/login.html', '2025-10-08 13:17:52'),
(195, 'admin', 1, 1, '127.0.0.1', 'Mozilla/5.0 (Windows NT 10.0; Win64; x64) AppleWebKit/537.36 (KHTML, like Gecko) Chrome/140.0.0.0 Safari/537.36', 'http://www.smartfarmai.com.br/login.html', '2025-10-08 13:17:58'),
(196, 'pedro123', 17, 1, '127.0.0.1', 'Mozilla/5.0 (Windows NT 10.0; Win64; x64) AppleWebKit/537.36 (KHTML, like Gecko) Chrome/140.0.0.0 Safari/537.36', 'http://www.smartfarmai.com.br/login.html', '2025-10-08 13:18:22'),
(197, 'juninho123', 5, 1, '127.0.0.1', 'Mozilla/5.0 (Windows NT 10.0; Win64; x64) AppleWebKit/537.36 (KHTML, like Gecko) Chrome/140.0.0.0 Safari/537.36', 'http://www.smartfarmai.com.br/login.html', '2025-10-08 13:20:17'),
(198, 'pedro123', 17, 1, '127.0.0.1', 'Mozilla/5.0 (Windows NT 10.0; Win64; x64) AppleWebKit/537.36 (KHTML, like Gecko) Chrome/140.0.0.0 Safari/537.36', 'http://www.smartfarmai.com.br/login.html', '2025-10-08 13:20:29'),
(199, 'admin', 1, 1, '127.0.0.1', 'Mozilla/5.0 (Windows NT 10.0; Win64; x64) AppleWebKit/537.36 (KHTML, like Gecko) Chrome/140.0.0.0 Safari/537.36', 'http://www.smartfarmai.com.br/login.html', '2025-10-08 13:21:50'),
(200, 'pedro123', 17, 1, '127.0.0.1', 'Mozilla/5.0 (Windows NT 10.0; Win64; x64) AppleWebKit/537.36 (KHTML, like Gecko) Chrome/140.0.0.0 Safari/537.36', 'http://www.smartfarmai.com.br/login.html', '2025-10-08 13:21:57'),
(201, 'pedro123', 17, 1, '127.0.0.1', 'Mozilla/5.0 (Windows NT 10.0; Win64; x64) AppleWebKit/537.36 (KHTML, like Gecko) Chrome/140.0.0.0 Safari/537.36', 'http://www.smartfarmai.com.br/login.html', '2025-10-08 13:23:28'),
(202, 'admin', 1, 1, '127.0.0.1', 'Mozilla/5.0 (Windows NT 10.0; Win64; x64) AppleWebKit/537.36 (KHTML, like Gecko) Chrome/140.0.0.0 Safari/537.36', 'http://www.smartfarmai.com.br/login.html', '2025-10-08 13:24:46'),
(203, 'pedro123', 17, 1, '127.0.0.1', 'Mozilla/5.0 (Windows NT 10.0; Win64; x64) AppleWebKit/537.36 (KHTML, like Gecko) Chrome/140.0.0.0 Safari/537.36', 'http://www.smartfarmai.com.br/login.html', '2025-10-08 13:26:29'),
(204, 'pedro123', NULL, 0, '127.0.0.1', 'Mozilla/5.0 (Windows NT 10.0; Win64; x64) AppleWebKit/537.36 (KHTML, like Gecko) Chrome/140.0.0.0 Safari/537.36', 'http://www.smartfarmai.com.br/login.html', '2025-10-08 13:40:48'),
(205, 'pedro123', 17, 1, '127.0.0.1', 'Mozilla/5.0 (Windows NT 10.0; Win64; x64) AppleWebKit/537.36 (KHTML, like Gecko) Chrome/140.0.0.0 Safari/537.36', 'http://www.smartfarmai.com.br/login.html', '2025-10-08 13:40:54'),
(206, 'pedro123', 17, 1, '127.0.0.1', 'Mozilla/5.0 (Windows NT 10.0; Win64; x64) AppleWebKit/537.36 (KHTML, like Gecko) Chrome/140.0.0.0 Safari/537.36', 'http://www.smartfarmai.com.br/login.html', '2025-10-08 13:44:52'),
(207, 'juninho123', 5, 1, '127.0.0.1', 'Mozilla/5.0 (Windows NT 10.0; Win64; x64) AppleWebKit/537.36 (KHTML, like Gecko) Chrome/140.0.0.0 Safari/537.36', 'http://www.smartfarmai.com.br/login.html', '2025-10-08 13:51:46'),
(208, 'admin', 1, 1, '127.0.0.1', 'Mozilla/5.0 (Windows NT 10.0; Win64; x64) AppleWebKit/537.36 (KHTML, like Gecko) Chrome/140.0.0.0 Safari/537.36', 'http://www.smartfarmai.com.br/login.html', '2025-10-08 13:52:56'),
(209, 'pedro123', 17, 1, '127.0.0.1', 'Mozilla/5.0 (Windows NT 10.0; Win64; x64) AppleWebKit/537.36 (KHTML, like Gecko) Chrome/140.0.0.0 Safari/537.36', 'http://www.smartfarmai.com.br/login.html', '2025-10-08 13:59:58'),
(210, 'admin', 1, 1, '127.0.0.1', 'Mozilla/5.0 (Windows NT 10.0; Win64; x64) AppleWebKit/537.36 (KHTML, like Gecko) Chrome/140.0.0.0 Safari/537.36', 'http://www.smartfarmai.com.br/login.html', '2025-10-08 14:01:08'),
(211, 'admin', 1, 1, '127.0.0.1', 'Mozilla/5.0 (Windows NT 10.0; Win64; x64) AppleWebKit/537.36 (KHTML, like Gecko) Chrome/140.0.0.0 Safari/537.36', 'http://www.smartfarmai.com.br/login.html', '2025-10-08 14:09:09'),
(212, 'admin', 1, 1, '127.0.0.1', 'Mozilla/5.0 (Windows NT 10.0; Win64; x64) AppleWebKit/537.36 (KHTML, like Gecko) Chrome/140.0.0.0 Safari/537.36', 'http://www.smartfarmai.com.br/login.html', '2025-10-08 14:23:27'),
(213, 'pedro123', 17, 1, '127.0.0.1', 'Mozilla/5.0 (Windows NT 10.0; Win64; x64) AppleWebKit/537.36 (KHTML, like Gecko) Chrome/140.0.0.0 Safari/537.36', 'http://www.smartfarmai.com.br/login.html', '2025-10-08 14:23:36'),
(214, 'admin', 1, 1, '127.0.0.1', 'Mozilla/5.0 (Windows NT 10.0; Win64; x64) AppleWebKit/537.36 (KHTML, like Gecko) Chrome/140.0.0.0 Safari/537.36', 'http://www.smartfarmai.com.br/login.html', '2025-10-08 14:27:16'),
(215, 'pedro123', 17, 1, '127.0.0.1', 'Mozilla/5.0 (Windows NT 10.0; Win64; x64) AppleWebKit/537.36 (KHTML, like Gecko) Chrome/140.0.0.0 Safari/537.36', 'http://www.smartfarmai.com.br/login.html', '2025-10-08 14:28:45'),
(216, 'pedro123', 17, 1, '127.0.0.1', 'Mozilla/5.0 (Windows NT 10.0; Win64; x64) AppleWebKit/537.36 (KHTML, like Gecko) Chrome/140.0.0.0 Safari/537.36', 'http://www.smartfarmai.com.br/login.html', '2025-10-08 15:13:31'),
(217, 'pedro123', NULL, 0, '127.0.0.1', 'Mozilla/5.0 (Windows NT 10.0; Win64; x64) AppleWebKit/537.36 (KHTML, like Gecko) Chrome/140.0.0.0 Safari/537.36', 'http://www.smartfarmai.com.br/login.html', '2025-10-08 15:22:36'),
(218, 'pedro123', NULL, 0, '127.0.0.1', 'Mozilla/5.0 (Windows NT 10.0; Win64; x64) AppleWebKit/537.36 (KHTML, like Gecko) Chrome/140.0.0.0 Safari/537.36', 'http://www.smartfarmai.com.br/login.html', '2025-10-08 15:22:40'),
(219, 'pedro123', 17, 1, '127.0.0.1', 'Mozilla/5.0 (Windows NT 10.0; Win64; x64) AppleWebKit/537.36 (KHTML, like Gecko) Chrome/140.0.0.0 Safari/537.36', 'http://www.smartfarmai.com.br/login.html', '2025-10-08 15:23:19'),
(220, 'pedro123', 17, 1, '127.0.0.1', 'Mozilla/5.0 (Windows NT 10.0; Win64; x64) AppleWebKit/537.36 (KHTML, like Gecko) Chrome/140.0.0.0 Safari/537.36', 'http://www.smartfarmai.com.br/login.html', '2025-10-08 15:23:38'),
(221, 'asas', NULL, 0, '127.0.0.1', 'Mozilla/5.0 (Windows NT 10.0; Win64; x64) AppleWebKit/537.36 (KHTML, like Gecko) Chrome/140.0.0.0 Safari/537.36', 'http://www.smartfarmai.com.br/login.html', '2025-10-08 15:23:47'),
(222, 'pedro123', 17, 1, '127.0.0.1', 'Mozilla/5.0 (Windows NT 10.0; Win64; x64) AppleWebKit/537.36 (KHTML, like Gecko) Chrome/140.0.0.0 Safari/537.36', 'http://www.smartfarmai.com.br/login.html', '2025-10-08 15:23:50'),
(223, 'admin', 1, 1, '127.0.0.1', 'Mozilla/5.0 (Windows NT 10.0; Win64; x64) AppleWebKit/537.36 (KHTML, like Gecko) Chrome/140.0.0.0 Safari/537.36', 'http://www.smartfarmai.com.br/login.html', '2025-10-08 15:24:13'),
(224, 'pedro123', 17, 1, '127.0.0.1', 'Mozilla/5.0 (Windows NT 10.0; Win64; x64) AppleWebKit/537.36 (KHTML, like Gecko) Chrome/140.0.0.0 Safari/537.36', 'http://www.smartfarmai.com.br/login.html', '2025-10-08 15:26:55'),
(225, 'pedro123', 17, 1, '127.0.0.1', 'Mozilla/5.0 (Windows NT 10.0; Win64; x64) AppleWebKit/537.36 (KHTML, like Gecko) Chrome/140.0.0.0 Safari/537.36', 'http://www.smartfarmai.com.br/login.html', '2025-10-08 15:28:54'),
(226, 'pedro123', 17, 1, '127.0.0.1', 'Mozilla/5.0 (Windows NT 10.0; Win64; x64) AppleWebKit/537.36 (KHTML, like Gecko) Chrome/140.0.0.0 Safari/537.36', 'http://www.smartfarmai.com.br/login.html', '2025-10-08 15:29:54'),
(227, 'pedro123', 17, 1, '127.0.0.1', 'Mozilla/5.0 (Windows NT 10.0; Win64; x64) AppleWebKit/537.36 (KHTML, like Gecko) Chrome/140.0.0.0 Safari/537.36', 'http://www.smartfarmai.com.br/login.html', '2025-10-08 15:30:31'),
(228, 'pedro123', 17, 1, '127.0.0.1', 'Mozilla/5.0 (Windows NT 10.0; Win64; x64) AppleWebKit/537.36 (KHTML, like Gecko) Chrome/140.0.0.0 Safari/537.36', 'http://www.smartfarmai.com.br/login.html', '2025-10-08 15:32:17'),
(229, 'pedro123', 17, 1, '127.0.0.1', 'Mozilla/5.0 (Windows NT 10.0; Win64; x64) AppleWebKit/537.36 (KHTML, like Gecko) Chrome/140.0.0.0 Safari/537.36', 'http://www.smartfarmai.com.br/login.html', '2025-10-08 15:32:26'),
(230, 'admin', 1, 1, '127.0.0.1', 'Mozilla/5.0 (Windows NT 10.0; Win64; x64) AppleWebKit/537.36 (KHTML, like Gecko) Chrome/140.0.0.0 Safari/537.36', 'http://www.smartfarmai.com.br/login.html', '2025-10-08 15:34:58'),
(231, 'juninho123', NULL, 0, '127.0.0.1', 'Mozilla/5.0 (Windows NT 10.0; Win64; x64) AppleWebKit/537.36 (KHTML, like Gecko) Chrome/140.0.0.0 Safari/537.36', 'http://www.smartfarmai.com.br/login.html', '2025-10-08 15:35:07'),
(232, 'pedro123', 17, 1, '127.0.0.1', 'Mozilla/5.0 (Windows NT 10.0; Win64; x64) AppleWebKit/537.36 (KHTML, like Gecko) Chrome/140.0.0.0 Safari/537.36', 'http://www.smartfarmai.com.br/login.html', '2025-10-08 15:35:13'),
(233, 'pedro123', 17, 1, '127.0.0.1', 'Mozilla/5.0 (Windows NT 10.0; Win64; x64) AppleWebKit/537.36 (KHTML, like Gecko) Chrome/140.0.0.0 Safari/537.36', 'http://www.smartfarmai.com.br/login.html', '2025-10-08 15:35:19'),
(234, 'pedro123', 17, 1, '127.0.0.1', 'Mozilla/5.0 (Windows NT 10.0; Win64; x64) AppleWebKit/537.36 (KHTML, like Gecko) Chrome/140.0.0.0 Safari/537.36', 'http://www.smartfarmai.com.br/login.html', '2025-10-08 15:36:34'),
(235, 'admin', 1, 1, '127.0.0.1', 'Mozilla/5.0 (Windows NT 10.0; Win64; x64) AppleWebKit/537.36 (KHTML, like Gecko) Chrome/140.0.0.0 Safari/537.36', 'http://www.smartfarmai.com.br/login.html', '2025-10-08 15:39:10'),
(236, 'admin', 1, 1, '127.0.0.1', 'Mozilla/5.0 (Windows NT 10.0; Win64; x64) AppleWebKit/537.36 (KHTML, like Gecko) Chrome/140.0.0.0 Safari/537.36', 'http://www.smartfarmai.com.br/login.html', '2025-10-08 15:39:10'),
(237, 'admin', 1, 1, '127.0.0.1', 'Mozilla/5.0 (Windows NT 10.0; Win64; x64) AppleWebKit/537.36 (KHTML, like Gecko) Chrome/140.0.0.0 Safari/537.36', 'http://www.smartfarmai.com.br/login.html', '2025-10-08 15:39:10'),
(238, 'admin', 1, 1, '127.0.0.1', 'Mozilla/5.0 (Windows NT 10.0; Win64; x64) AppleWebKit/537.36 (KHTML, like Gecko) Chrome/140.0.0.0 Safari/537.36', 'http://www.smartfarmai.com.br/login.html', '2025-10-08 15:39:17'),
(239, 'pedro123', 17, 1, '127.0.0.1', 'Mozilla/5.0 (Windows NT 10.0; Win64; x64) AppleWebKit/537.36 (KHTML, like Gecko) Chrome/140.0.0.0 Safari/537.36', 'http://www.smartfarmai.com.br/login.html', '2025-10-08 15:39:24');
INSERT INTO `login_logs` (`id`, `usuario`, `user_id`, `sucesso`, `ip`, `user_agent`, `origem`, `criado_em`) VALUES
(240, 'juninho123', 5, 1, '127.0.0.1', 'Mozilla/5.0 (Windows NT 10.0; Win64; x64) AppleWebKit/537.36 (KHTML, like Gecko) Chrome/140.0.0.0 Safari/537.36', 'http://www.smartfarmai.com.br/login.html', '2025-10-08 15:39:36'),
(241, 'pedro123', 17, 1, '127.0.0.1', 'Mozilla/5.0 (Windows NT 10.0; Win64; x64) AppleWebKit/537.36 (KHTML, like Gecko) Chrome/140.0.0.0 Safari/537.36', 'http://www.smartfarmai.com.br/login.html', '2025-10-08 15:40:24'),
(242, 'pedro123', 17, 1, '127.0.0.1', 'Mozilla/5.0 (Windows NT 10.0; Win64; x64) AppleWebKit/537.36 (KHTML, like Gecko) Chrome/140.0.0.0 Safari/537.36', 'http://www.smartfarmai.com.br/login.html', '2025-10-08 15:40:24'),
(243, 'pedro123', 17, 1, '127.0.0.1', 'Mozilla/5.0 (Windows NT 10.0; Win64; x64) AppleWebKit/537.36 (KHTML, like Gecko) Chrome/140.0.0.0 Safari/537.36', 'http://www.smartfarmai.com.br/login.html', '2025-10-08 15:40:30'),
(244, 'pedro123', 17, 1, '127.0.0.1', 'Mozilla/5.0 (Windows NT 10.0; Win64; x64) AppleWebKit/537.36 (KHTML, like Gecko) Chrome/140.0.0.0 Safari/537.36', 'http://www.smartfarmai.com.br/login.html', '2025-10-08 15:40:34'),
(245, 'pedro123', 17, 1, '127.0.0.1', 'Mozilla/5.0 (Windows NT 10.0; Win64; x64) AppleWebKit/537.36 (KHTML, like Gecko) Chrome/140.0.0.0 Safari/537.36', 'http://www.smartfarmai.com.br/login.html', '2025-10-08 15:42:34'),
(246, 'pedro123', 17, 1, '127.0.0.1', 'curl/7.64.0', '', '2025-10-08 15:43:23'),
(247, 'admin', 1, 1, '127.0.0.1', 'Mozilla/5.0 (Windows NT 10.0; Win64; x64) AppleWebKit/537.36 (KHTML, like Gecko) Chrome/140.0.0.0 Safari/537.36', 'http://www.smartfarmai.com.br/login.html', '2025-10-08 15:44:57'),
(248, 'pedro123', 17, 1, '127.0.0.1', 'Mozilla/5.0 (Windows NT 10.0; Win64; x64) AppleWebKit/537.36 (KHTML, like Gecko) Chrome/140.0.0.0 Safari/537.36', 'http://www.smartfarmai.com.br/login.html', '2025-10-08 15:47:09'),
(249, 'pedro123', 17, 1, '127.0.0.1', 'Mozilla/5.0 (Windows NT 10.0; Win64; x64) AppleWebKit/537.36 (KHTML, like Gecko) Chrome/140.0.0.0 Safari/537.36', 'http://www.smartfarmai.com.br/login.html', '2025-10-08 15:49:07'),
(250, 'admin', 1, 1, '127.0.0.1', 'Mozilla/5.0 (Windows NT 10.0; Win64; x64) AppleWebKit/537.36 (KHTML, like Gecko) Chrome/140.0.0.0 Safari/537.36', 'http://www.smartfarmai.com.br/login.html', '2025-10-08 15:49:29'),
(251, 'pedro123', 17, 1, '127.0.0.1', 'Mozilla/5.0 (Windows NT 10.0; Win64; x64) AppleWebKit/537.36 (KHTML, like Gecko) Chrome/140.0.0.0 Safari/537.36', 'http://www.smartfarmai.com.br/login.html', '2025-10-08 15:51:56'),
(252, 'juninho123', 5, 1, '127.0.0.1', 'Mozilla/5.0 (Windows NT 10.0; Win64; x64) AppleWebKit/537.36 (KHTML, like Gecko) Chrome/140.0.0.0 Safari/537.36', 'http://www.smartfarmai.com.br/login.html', '2025-10-08 15:53:00'),
(253, 'admin', 1, 1, '127.0.0.1', 'Mozilla/5.0 (Windows NT 10.0; Win64; x64) AppleWebKit/537.36 (KHTML, like Gecko) Chrome/140.0.0.0 Safari/537.36', 'http://www.smartfarmai.com.br/login.html', '2025-10-08 15:53:15'),
(254, 'admin', 1, 1, '127.0.0.1', 'Mozilla/5.0 (Windows NT 10.0; Win64; x64) AppleWebKit/537.36 (KHTML, like Gecko) Chrome/140.0.0.0 Safari/537.36', 'http://www.smartfarmai.com.br/login.html', '2025-10-08 15:54:02'),
(255, 'admin', 1, 1, '127.0.0.1', 'Mozilla/5.0 (Windows NT 10.0; Win64; x64) AppleWebKit/537.36 (KHTML, like Gecko) Chrome/140.0.0.0 Safari/537.36', 'http://www.smartfarmai.com.br/login.html', '2025-10-08 16:04:29'),
(256, 'pedro123', 17, 1, '127.0.0.1', 'Mozilla/5.0 (Windows NT 10.0; Win64; x64) AppleWebKit/537.36 (KHTML, like Gecko) Chrome/140.0.0.0 Safari/537.36', 'http://www.smartfarmai.com.br/login.html', '2025-10-08 16:04:37'),
(257, 'admin', 1, 1, '127.0.0.1', 'Mozilla/5.0 (Windows NT 10.0; Win64; x64) AppleWebKit/537.36 (KHTML, like Gecko) Chrome/140.0.0.0 Safari/537.36', 'http://www.smartfarmai.com.br/login.html', '2025-10-08 16:08:23'),
(258, 'pedro123', 17, 1, '127.0.0.1', 'Mozilla/5.0 (Windows NT 10.0; Win64; x64) AppleWebKit/537.36 (KHTML, like Gecko) Chrome/140.0.0.0 Safari/537.36', 'http://www.smartfarmai.com.br/login.html', '2025-10-08 16:08:38'),
(259, 'pedro123', 17, 1, '127.0.0.1', 'Mozilla/5.0 (Windows NT 10.0; Win64; x64) AppleWebKit/537.36 (KHTML, like Gecko) Chrome/140.0.0.0 Safari/537.36', 'http://www.smartfarmai.com.br/login.html', '2025-10-08 16:12:14'),
(260, 'admin', 1, 1, '127.0.0.1', 'Mozilla/5.0 (Windows NT 10.0; Win64; x64) AppleWebKit/537.36 (KHTML, like Gecko) Chrome/140.0.0.0 Safari/537.36', 'http://www.smartfarmai.com.br/login.html', '2025-10-08 16:12:35'),
(261, 'pedro123', 17, 1, '127.0.0.1', 'Mozilla/5.0 (Windows NT 10.0; Win64; x64) AppleWebKit/537.36 (KHTML, like Gecko) Chrome/140.0.0.0 Safari/537.36', 'http://www.smartfarmai.com.br/login.html', '2025-10-08 16:12:46'),
(262, 'pedro123', 17, 1, '127.0.0.1', 'Mozilla/5.0 (Windows NT 10.0; Win64; x64) AppleWebKit/537.36 (KHTML, like Gecko) Chrome/140.0.0.0 Safari/537.36', 'http://www.smartfarmai.com.br/login.html', '2025-10-08 16:20:16'),
(263, 'pedro123', 17, 1, '127.0.0.1', 'Mozilla/5.0 (Windows NT 10.0; Win64; x64) AppleWebKit/537.36 (KHTML, like Gecko) Chrome/140.0.0.0 Safari/537.36', 'http://www.smartfarmai.com.br/login.html', '2025-10-08 16:22:14'),
(264, 'pedro123', 17, 1, '127.0.0.1', 'Mozilla/5.0 (Windows NT 10.0; Win64; x64) AppleWebKit/537.36 (KHTML, like Gecko) Chrome/140.0.0.0 Safari/537.36', 'http://www.smartfarmai.com.br/login.html', '2025-10-08 16:34:10'),
(265, 'pedro123', 17, 1, '127.0.0.1', 'Mozilla/5.0 (Windows NT 10.0; Win64; x64) AppleWebKit/537.36 (KHTML, like Gecko) Chrome/140.0.0.0 Safari/537.36', 'http://www.smartfarmai.com.br/login.html', '2025-10-08 16:38:13'),
(266, 'pedro123', 17, 1, '127.0.0.1', 'Mozilla/5.0 (Windows NT 10.0; Win64; x64) AppleWebKit/537.36 (KHTML, like Gecko) Chrome/140.0.0.0 Safari/537.36', 'http://www.smartfarmai.com.br/login.html', '2025-10-08 17:25:31'),
(267, 'pedro123', 17, 1, '127.0.0.1', 'Mozilla/5.0 (Windows NT 10.0; Win64; x64) AppleWebKit/537.36 (KHTML, like Gecko) Chrome/140.0.0.0 Safari/537.36', 'http://www.smartfarmai.com.br/login.html', '2025-10-08 17:27:14'),
(268, 'pedro123', 17, 1, '127.0.0.1', 'Mozilla/5.0 (Windows NT 10.0; Win64; x64) AppleWebKit/537.36 (KHTML, like Gecko) Chrome/140.0.0.0 Safari/537.36', 'http://www.smartfarmai.com.br/login.html', '2025-10-08 17:33:05'),
(269, 'pedro123', 17, 1, '127.0.0.1', 'Mozilla/5.0 (Windows NT 10.0; Win64; x64) AppleWebKit/537.36 (KHTML, like Gecko) Chrome/140.0.0.0 Safari/537.36', 'http://www.smartfarmai.com.br/login.html', '2025-10-08 17:35:02'),
(270, 'juninho123', NULL, 0, '127.0.0.1', 'Mozilla/5.0 (Windows NT 10.0; Win64; x64) AppleWebKit/537.36 (KHTML, like Gecko) Chrome/140.0.0.0 Safari/537.36', 'http://www.smartfarmai.com.br/login.html', '2025-10-08 17:39:22'),
(271, 'juninho123', NULL, 0, '127.0.0.1', 'Mozilla/5.0 (Windows NT 10.0; Win64; x64) AppleWebKit/537.36 (KHTML, like Gecko) Chrome/140.0.0.0 Safari/537.36', 'http://www.smartfarmai.com.br/login.html', '2025-10-08 17:39:28'),
(272, 'junionho123', NULL, 0, '127.0.0.1', 'Mozilla/5.0 (Windows NT 10.0; Win64; x64) AppleWebKit/537.36 (KHTML, like Gecko) Chrome/140.0.0.0 Safari/537.36', 'http://www.smartfarmai.com.br/login.html', '2025-10-08 17:39:39'),
(273, 'juninho123', 5, 1, '127.0.0.1', 'Mozilla/5.0 (Windows NT 10.0; Win64; x64) AppleWebKit/537.36 (KHTML, like Gecko) Chrome/140.0.0.0 Safari/537.36', 'http://www.smartfarmai.com.br/login.html', '2025-10-08 17:39:43'),
(274, 'pedro123', 17, 1, '127.0.0.1', 'Mozilla/5.0 (Windows NT 10.0; Win64; x64) AppleWebKit/537.36 (KHTML, like Gecko) Chrome/140.0.0.0 Safari/537.36', 'http://www.smartfarmai.com.br/login.html', '2025-10-08 17:41:45'),
(275, 'pedro123', 17, 1, '127.0.0.1', 'Mozilla/5.0 (Windows NT 10.0; Win64; x64) AppleWebKit/537.36 (KHTML, like Gecko) Chrome/140.0.0.0 Safari/537.36', 'http://www.smartfarmai.com.br/login.html', '2025-10-08 17:53:13'),
(276, 'pedro123', 17, 1, '127.0.0.1', 'Mozilla/5.0 (Windows NT 10.0; Win64; x64) AppleWebKit/537.36 (KHTML, like Gecko) Chrome/140.0.0.0 Safari/537.36', 'http://www.smartfarmai.com.br/login.html', '2025-10-08 17:53:37'),
(277, 'pedro123', 17, 1, '127.0.0.1', 'Mozilla/5.0 (Windows NT 10.0; Win64; x64) AppleWebKit/537.36 (KHTML, like Gecko) Chrome/140.0.0.0 Safari/537.36', 'http://www.smartfarmai.com.br/login.html', '2025-10-08 17:57:12'),
(278, 'pedro123', 17, 1, '127.0.0.1', 'Mozilla/5.0 (Windows NT 10.0; Win64; x64) AppleWebKit/537.36 (KHTML, like Gecko) Chrome/140.0.0.0 Safari/537.36', 'http://www.smartfarmai.com.br/login.html', '2025-10-08 18:00:10'),
(279, 'juninho123', 5, 1, '127.0.0.1', 'Mozilla/5.0 (Windows NT 10.0; Win64; x64) AppleWebKit/537.36 (KHTML, like Gecko) Chrome/140.0.0.0 Safari/537.36', 'http://www.smartfarmai.com.br/login.html', '2025-10-08 18:02:25'),
(280, 'admin', NULL, 0, '127.0.0.1', 'Mozilla/5.0 (iPhone; CPU iPhone OS 18_6 like Mac OS X) AppleWebKit/605.1.15 (KHTML, like Gecko) Version/26.0 Mobile/15E148 Safari/604.1', 'http://www.smartfarmai.com.br/login.html', '2025-10-08 18:04:30'),
(281, 'admin', 1, 1, '127.0.0.1', 'Mozilla/5.0 (iPhone; CPU iPhone OS 18_6 like Mac OS X) AppleWebKit/605.1.15 (KHTML, like Gecko) Version/26.0 Mobile/15E148 Safari/604.1', 'http://www.smartfarmai.com.br/login.html', '2025-10-08 18:04:36'),
(282, 'admin', 1, 1, '127.0.0.1', 'Mozilla/5.0 (iPhone; CPU iPhone OS 18_6 like Mac OS X) AppleWebKit/605.1.15 (KHTML, like Gecko) Version/26.0 Mobile/15E148 Safari/604.1', 'http://www.smartfarmai.com.br/login.html', '2025-10-08 18:10:29'),
(283, 'admin', 1, 1, '127.0.0.1', 'Mozilla/5.0 (iPhone; CPU iPhone OS 18_6 like Mac OS X) AppleWebKit/605.1.15 (KHTML, like Gecko) Version/26.0 Mobile/15E148 Safari/604.1', 'http://www.smartfarmai.com.br/login.html', '2025-10-08 18:11:44'),
(284, 'admin', 1, 1, '127.0.0.1', 'Mozilla/5.0 (iPhone; CPU iPhone OS 18_6 like Mac OS X) AppleWebKit/605.1.15 (KHTML, like Gecko) Version/26.0 Mobile/15E148 Safari/604.1', 'http://www.smartfarmai.com.br/login.html', '2025-10-08 18:12:56'),
(285, 'admin', 1, 1, '127.0.0.1', 'Mozilla/5.0 (iPhone; CPU iPhone OS 18_6 like Mac OS X) AppleWebKit/605.1.15 (KHTML, like Gecko) Version/26.0 Mobile/15E148 Safari/604.1', 'http://www.smartfarmai.com.br/login.html', '2025-10-08 18:12:57'),
(286, 'admin', 1, 1, '127.0.0.1', 'Mozilla/5.0 (iPhone; CPU iPhone OS 18_6 like Mac OS X) AppleWebKit/605.1.15 (KHTML, like Gecko) Version/26.0 Mobile/15E148 Safari/604.1', 'http://www.smartfarmai.com.br/login.html', '2025-10-08 18:13:05'),
(287, 'pedro123', 17, 1, '127.0.0.1', 'Mozilla/5.0 (Windows NT 10.0; Win64; x64) AppleWebKit/537.36 (KHTML, like Gecko) Chrome/140.0.0.0 Safari/537.36', 'http://www.smartfarmai.com.br/login.html', '2025-10-08 18:42:26'),
(288, 'pedro123', 17, 1, '127.0.0.1', 'Mozilla/5.0 (Windows NT 10.0; Win64; x64) AppleWebKit/537.36 (KHTML, like Gecko) Chrome/140.0.0.0 Safari/537.36', 'http://www.smartfarmai.com.br/login.html', '2025-10-08 18:46:41'),
(289, 'pedro123', 17, 1, '127.0.0.1', 'Mozilla/5.0 (iPhone; CPU iPhone OS 16_1 like Mac OS X) AppleWebKit/605.1.15 (KHTML, like Gecko) Version/16.1 Mobile/15E148 Safari/604.1', 'http://www.smartfarmai.com.br/login.html', '2025-10-08 18:58:27'),
(290, 'pedro123', 17, 1, '127.0.0.1', 'Mozilla/5.0 (iPhone; CPU iPhone OS 26_0_0 like Mac OS X) AppleWebKit/605.1.15 (KHTML, like Gecko) CriOS/141.0.7390.41 Mobile/15E148 Safari/604.1', 'http://www.smartfarmai.com.br/login.html', '2025-10-08 18:58:45'),
(291, 'pedro123', NULL, 0, '127.0.0.1', 'Mozilla/5.0 (Windows NT 10.0; Win64; x64) AppleWebKit/537.36 (KHTML, like Gecko) Chrome/141.0.0.0 Safari/537.36 Edg/141.0.0.0', 'http://www.smartfarmai.com.br/login.html', '2025-10-08 19:13:49'),
(292, 'pedro123', 17, 1, '127.0.0.1', 'Mozilla/5.0 (Windows NT 10.0; Win64; x64) AppleWebKit/537.36 (KHTML, like Gecko) Chrome/141.0.0.0 Safari/537.36 Edg/141.0.0.0', 'http://www.smartfarmai.com.br/login.html', '2025-10-08 19:13:54'),
(293, 'pedro123', 17, 1, '127.0.0.1', 'Mozilla/5.0 (Windows NT 10.0; Win64; x64) AppleWebKit/537.36 (KHTML, like Gecko) Chrome/140.0.0.0 Safari/537.36', 'http://www.smartfarmai.com.br/login.html', '2025-10-08 19:38:51'),
(294, 'pedro123', 17, 1, '127.0.0.1', 'Mozilla/5.0 (Windows NT 10.0; Win64; x64) AppleWebKit/537.36 (KHTML, like Gecko) Chrome/140.0.0.0 Safari/537.36', 'http://www.smartfarmai.com.br/login.html', '2025-10-08 19:39:00'),
(295, 'pedro123', 17, 1, '127.0.0.1', 'Mozilla/5.0 (Windows NT 10.0; Win64; x64) AppleWebKit/537.36 (KHTML, like Gecko) Chrome/140.0.0.0 Safari/537.36', 'http://www.smartfarmai.com.br/login.html', '2025-10-08 19:39:30'),
(296, 'pedro123', 17, 1, '127.0.0.1', 'Mozilla/5.0 (Windows NT 10.0; Win64; x64) AppleWebKit/537.36 (KHTML, like Gecko) Chrome/140.0.0.0 Safari/537.36', 'http://www.smartfarmai.com.br/login.html', '2025-10-08 19:39:41'),
(297, 'admin', 1, 1, '127.0.0.1', 'Mozilla/5.0 (Windows NT 10.0; Win64; x64) AppleWebKit/537.36 (KHTML, like Gecko) Chrome/140.0.0.0 Safari/537.36', 'http://www.smartfarmai.com.br/login.html', '2025-10-08 19:40:02'),
(298, 'admin', 1, 1, '127.0.0.1', 'Mozilla/5.0 (Windows NT 10.0; Win64; x64) AppleWebKit/537.36 (KHTML, like Gecko) Chrome/140.0.0.0 Safari/537.36', 'http://www.smartfarmai.com.br/login.html', '2025-10-08 19:40:10'),
(299, 'admin', 1, 1, '127.0.0.1', 'Mozilla/5.0 (Windows NT 10.0; Win64; x64) AppleWebKit/537.36 (KHTML, like Gecko) Chrome/140.0.0.0 Safari/537.36', 'http://www.smartfarmai.com.br/login.html', '2025-10-08 19:40:46'),
(300, 'admin', 1, 1, '127.0.0.1', 'Mozilla/5.0 (Windows NT 10.0; Win64; x64) AppleWebKit/537.36 (KHTML, like Gecko) Chrome/140.0.0.0 Safari/537.36', 'http://www.smartfarmai.com.br/login.html', '2025-10-08 19:41:46'),
(301, 'pedro123', 17, 1, '127.0.0.1', 'Mozilla/5.0 (Windows NT 10.0; Win64; x64) AppleWebKit/537.36 (KHTML, like Gecko) Chrome/140.0.0.0 Safari/537.36', 'http://www.smartfarmai.com.br/login.html', '2025-10-08 19:42:07'),
(302, 'admin', 1, 1, '127.0.0.1', 'Mozilla/5.0 (Windows NT 10.0; Win64; x64) AppleWebKit/537.36 (KHTML, like Gecko) Chrome/140.0.0.0 Safari/537.36', 'http://www.smartfarmai.com.br/login.html', '2025-10-08 19:43:00'),
(303, 'pedro123', 17, 1, '127.0.0.1', 'Mozilla/5.0 (iPhone; CPU iPhone OS 26_0_0 like Mac OS X) AppleWebKit/605.1.15 (KHTML, like Gecko) CriOS/141.0.7390.41 Mobile/15E148 Safari/604.1', 'http://www.smartfarmai.com.br/login.html', '2025-10-08 19:43:30'),
(304, 'admin', 1, 1, '127.0.0.1', 'Mozilla/5.0 (Windows NT 10.0; Win64; x64) AppleWebKit/537.36 (KHTML, like Gecko) Chrome/140.0.0.0 Safari/537.36', 'http://www.smartfarmai.com.br/login.html', '2025-10-08 19:44:34'),
(305, 'admin', 1, 1, '127.0.0.1', 'Mozilla/5.0 (Windows NT 10.0; Win64; x64) AppleWebKit/537.36 (KHTML, like Gecko) Chrome/140.0.0.0 Safari/537.36', 'http://www.smartfarmai.com.br/login.html', '2025-10-08 19:45:05'),
(306, 'pedro123', 17, 1, '127.0.0.1', 'Mozilla/5.0 (Windows NT 10.0; Win64; x64) AppleWebKit/537.36 (KHTML, like Gecko) Chrome/140.0.0.0 Safari/537.36', 'http://www.smartfarmai.com.br/login.html', '2025-10-08 19:45:13'),
(307, 'admin', 1, 1, '127.0.0.1', 'Mozilla/5.0 (Windows NT 10.0; Win64; x64) AppleWebKit/537.36 (KHTML, like Gecko) Chrome/140.0.0.0 Safari/537.36', 'http://www.smartfarmai.com.br/login.html', '2025-10-08 19:52:25'),
(308, 'pedro123', 17, 1, '127.0.0.1', 'Mozilla/5.0 (Windows NT 10.0; Win64; x64) AppleWebKit/537.36 (KHTML, like Gecko) Chrome/140.0.0.0 Safari/537.36', 'http://www.smartfarmai.com.br/login.html', '2025-10-08 19:52:31'),
(309, 'pedro123', 17, 1, '127.0.0.1', 'Mozilla/5.0 (Windows NT 10.0; Win64; x64) AppleWebKit/537.36 (KHTML, like Gecko) Chrome/141.0.0.0 Safari/537.36 Edg/141.0.0.0', 'http://www.smartfarmai.com.br/dash.html', '2025-10-08 19:52:43'),
(310, 'juninho123', 5, 1, '127.0.0.1', 'Mozilla/5.0 (Windows NT 10.0; Win64; x64) AppleWebKit/537.36 (KHTML, like Gecko) Chrome/140.0.0.0 Safari/537.36', 'http://www.smartfarmai.com.br/dash.html', '2025-10-08 19:52:58'),
(311, 'juninho123', 5, 1, '127.0.0.1', 'Mozilla/5.0 (Windows NT 10.0; Win64; x64) AppleWebKit/537.36 (KHTML, like Gecko) Chrome/140.0.0.0 Safari/537.36', 'http://www.smartfarmai.com.br/dash.html', '2025-10-08 19:54:31'),
(312, 'pedro123', 17, 1, '127.0.0.1', 'Mozilla/5.0 (Windows NT 10.0; Win64; x64) AppleWebKit/537.36 (KHTML, like Gecko) Chrome/141.0.0.0 Safari/537.36 Edg/141.0.0.0', 'http://www.smartfarmai.com.br/login.html', '2025-10-08 19:56:11'),
(313, 'juninho123', 5, 1, '127.0.0.1', 'Mozilla/5.0 (Windows NT 10.0; Win64; x64) AppleWebKit/537.36 (KHTML, like Gecko) Chrome/140.0.0.0 Safari/537.36', 'http://www.smartfarmai.com.br/login.html', '2025-10-08 19:58:15'),
(314, 'admin', 1, 1, '127.0.0.1', 'Mozilla/5.0 (Windows NT 10.0; Win64; x64) AppleWebKit/537.36 (KHTML, like Gecko) Chrome/140.0.0.0 Safari/537.36', 'http://www.smartfarmai.com.br/dash.html', '2025-10-08 19:58:28'),
(315, 'admin', 1, 1, '127.0.0.1', 'Mozilla/5.0 (Windows NT 10.0; Win64; x64) AppleWebKit/537.36 (KHTML, like Gecko) Chrome/140.0.0.0 Safari/537.36', 'http://www.smartfarmai.com.br/dash.html', '2025-10-08 19:58:36'),
(316, 'admin', 1, 1, '127.0.0.1', 'Mozilla/5.0 (Windows NT 10.0; Win64; x64) AppleWebKit/537.36 (KHTML, like Gecko) Chrome/141.0.0.0 Safari/537.36 Edg/141.0.0.0', 'http://www.smartfarmai.com.br/dash.html', '2025-10-08 19:58:37'),
(317, 'pedro123', 17, 1, '127.0.0.1', 'Mozilla/5.0 (Windows NT 10.0; Win64; x64) AppleWebKit/537.36 (KHTML, like Gecko) Chrome/141.0.0.0 Safari/537.36 Edg/141.0.0.0', 'http://www.smartfarmai.com.br/dash.html', '2025-10-08 19:58:51'),
(318, 'admin', 1, 1, '127.0.0.1', 'Mozilla/5.0 (Windows NT 10.0; Win64; x64) AppleWebKit/537.36 (KHTML, like Gecko) Chrome/140.0.0.0 Safari/537.36', 'http://www.smartfarmai.com.br/dash.html', '2025-10-08 20:01:29'),
(319, 'juninho123', 5, 1, '127.0.0.1', 'Mozilla/5.0 (Windows NT 10.0; Win64; x64) AppleWebKit/537.36 (KHTML, like Gecko) Chrome/140.0.0.0 Safari/537.36', 'http://www.smartfarmai.com.br/dash.html', '2025-10-08 20:03:11'),
(320, 'admin', 1, 1, '127.0.0.1', 'Mozilla/5.0 (Windows NT 10.0; Win64; x64) AppleWebKit/537.36 (KHTML, like Gecko) Chrome/141.0.0.0 Safari/537.36 Edg/141.0.0.0', 'http://www.smartfarmai.com.br/login.html', '2025-10-08 20:04:09'),
(321, 'pedro123', 17, 1, '127.0.0.1', 'Mozilla/5.0 (Windows NT 10.0; Win64; x64) AppleWebKit/537.36 (KHTML, like Gecko) Chrome/141.0.0.0 Safari/537.36 Edg/141.0.0.0', 'http://www.smartfarmai.com.br/login.html', '2025-10-08 20:04:20'),
(322, 'pedro123', 17, 1, '127.0.0.1', 'Mozilla/5.0 (Windows NT 10.0; Win64; x64) AppleWebKit/537.36 (KHTML, like Gecko) Chrome/141.0.0.0 Safari/537.36 Edg/141.0.0.0', 'http://www.smartfarmai.com.br/login.html', '2025-10-08 20:04:21'),
(323, 'pedro123', 17, 1, '127.0.0.1', 'Mozilla/5.0 (Windows NT 10.0; Win64; x64) AppleWebKit/537.36 (KHTML, like Gecko) Chrome/141.0.0.0 Safari/537.36 Edg/141.0.0.0', 'http://www.smartfarmai.com.br/dash.html', '2025-10-08 20:05:10'),
(324, 'admin', NULL, 0, '127.0.0.1', 'Mozilla/5.0 (Windows NT 10.0; Win64; x64) AppleWebKit/537.36 (KHTML, like Gecko) Chrome/140.0.0.0 Safari/537.36', 'http://www.smartfarmai.com.br/login.html', '2025-10-08 20:06:01'),
(325, 'pedro123', 17, 1, '127.0.0.1', 'Mozilla/5.0 (Windows NT 10.0; Win64; x64) AppleWebKit/537.36 (KHTML, like Gecko) Chrome/141.0.0.0 Safari/537.36 Edg/141.0.0.0', 'http://www.smartfarmai.com.br/login.html', '2025-10-08 20:06:02'),
(326, 'admin', 1, 1, '127.0.0.1', 'Mozilla/5.0 (Windows NT 10.0; Win64; x64) AppleWebKit/537.36 (KHTML, like Gecko) Chrome/140.0.0.0 Safari/537.36', 'http://www.smartfarmai.com.br/login.html', '2025-10-08 20:06:05'),
(327, 'juninho123', 5, 1, '127.0.0.1', 'Mozilla/5.0 (Windows NT 10.0; Win64; x64) AppleWebKit/537.36 (KHTML, like Gecko) Chrome/140.0.0.0 Safari/537.36', 'http://www.smartfarmai.com.br/login.html', '2025-10-08 20:06:11'),
(328, 'admin', 1, 1, '127.0.0.1', 'Mozilla/5.0 (Windows NT 10.0; Win64; x64) AppleWebKit/537.36 (KHTML, like Gecko) Chrome/140.0.0.0 Safari/537.36', 'http://www.smartfarmai.com.br/login.html', '2025-10-08 20:07:22'),
(329, 'admin', 1, 1, '127.0.0.1', 'Mozilla/5.0 (Windows NT 10.0; Win64; x64) AppleWebKit/537.36 (KHTML, like Gecko) Chrome/140.0.0.0 Safari/537.36', 'http://www.smartfarmai.com.br/login.html', '2025-10-08 20:07:30'),
(330, 'admin', 1, 1, '127.0.0.1', 'Mozilla/5.0 (Windows NT 10.0; Win64; x64) AppleWebKit/537.36 (KHTML, like Gecko) Chrome/140.0.0.0 Safari/537.36', 'http://www.smartfarmai.com.br/login.html', '2025-10-08 20:09:58'),
(331, 'juninho123', 5, 1, '127.0.0.1', 'Mozilla/5.0 (Windows NT 10.0; Win64; x64) AppleWebKit/537.36 (KHTML, like Gecko) Chrome/140.0.0.0 Safari/537.36', 'http://www.smartfarmai.com.br/login.html', '2025-10-08 20:12:14'),
(332, 'juninho123', 5, 1, '127.0.0.1', 'Mozilla/5.0 (Windows NT 10.0; Win64; x64) AppleWebKit/537.36 (KHTML, like Gecko) Chrome/140.0.0.0 Safari/537.36', 'http://www.smartfarmai.com.br/dash.html', '2025-10-08 20:12:31'),
(333, 'admin', 1, 1, '127.0.0.1', 'Mozilla/5.0 (Windows NT 10.0; Win64; x64) AppleWebKit/537.36 (KHTML, like Gecko) Chrome/140.0.0.0 Safari/537.36', 'http://www.smartfarmai.com.br/dash.html', '2025-10-08 20:12:49'),
(334, 'admin', 1, 1, '127.0.0.1', 'Mozilla/5.0 (Windows NT 10.0; Win64; x64) AppleWebKit/537.36 (KHTML, like Gecko) Chrome/140.0.0.0 Safari/537.36', 'http://www.smartfarmai.com.br/login.html', '2025-10-08 20:18:07'),
(335, 'juninho123', 5, 1, '127.0.0.1', 'Mozilla/5.0 (Windows NT 10.0; Win64; x64) AppleWebKit/537.36 (KHTML, like Gecko) Chrome/140.0.0.0 Safari/537.36', 'http://www.smartfarmai.com.br/login.html', '2025-10-08 20:18:19'),
(336, 'admin', 1, 1, '127.0.0.1', 'Mozilla/5.0 (Windows NT 10.0; Win64; x64) AppleWebKit/537.36 (KHTML, like Gecko) Chrome/140.0.0.0 Safari/537.36', 'http://www.smartfarmai.com.br/dash.html', '2025-10-08 20:20:08'),
(337, 'admin', NULL, 0, '127.0.0.1', 'Mozilla/5.0 (Windows NT 10.0; Win64; x64) AppleWebKit/537.36 (KHTML, like Gecko) Chrome/140.0.0.0 Safari/537.36', 'http://www.smartfarmai.com.br/dash.html', '2025-10-08 20:24:29'),
(338, 'admin', 1, 1, '127.0.0.1', 'Mozilla/5.0 (Windows NT 10.0; Win64; x64) AppleWebKit/537.36 (KHTML, like Gecko) Chrome/140.0.0.0 Safari/537.36', 'http://www.smartfarmai.com.br/dash.html', '2025-10-08 20:24:33'),
(339, 'juninho123', 5, 1, '127.0.0.1', 'Mozilla/5.0 (Windows NT 10.0; Win64; x64) AppleWebKit/537.36 (KHTML, like Gecko) Chrome/140.0.0.0 Safari/537.36', 'http://www.smartfarmai.com.br/dash.html', '2025-10-08 20:24:41'),
(340, 'admin', 1, 1, '127.0.0.1', 'Mozilla/5.0 (Windows NT 10.0; Win64; x64) AppleWebKit/537.36 (KHTML, like Gecko) Chrome/140.0.0.0 Safari/537.36', 'http://www.smartfarmai.com.br/login.html', '2025-10-08 20:26:59'),
(341, 'juninho123', 5, 1, '127.0.0.1', 'Mozilla/5.0 (Windows NT 10.0; Win64; x64) AppleWebKit/537.36 (KHTML, like Gecko) Chrome/140.0.0.0 Safari/537.36', 'http://www.smartfarmai.com.br/login.html', '2025-10-08 20:27:08'),
(342, 'admin', 1, 1, '127.0.0.1', 'Mozilla/5.0 (Windows NT 10.0; Win64; x64) AppleWebKit/537.36 (KHTML, like Gecko) Chrome/140.0.0.0 Safari/537.36', 'http://www.smartfarmai.com.br/login.html', '2025-10-08 20:31:03'),
(343, 'pedro123', 17, 1, '127.0.0.1', 'Mozilla/5.0 (Windows NT 10.0; Win64; x64) AppleWebKit/537.36 (KHTML, like Gecko) Chrome/140.0.0.0 Safari/537.36', 'http://www.smartfarmai.com.br/login.html', '2025-10-08 20:31:09'),
(344, 'pedro123', 17, 1, '127.0.0.1', 'Mozilla/5.0 (Windows NT 10.0; Win64; x64) AppleWebKit/537.36 (KHTML, like Gecko) Chrome/140.0.0.0 Safari/537.36', 'http://www.smartfarmai.com.br/login.html', '2025-10-08 20:40:48'),
(345, 'pedro123', 17, 1, '127.0.0.1', 'Mozilla/5.0 (Windows NT 10.0; Win64; x64) AppleWebKit/537.36 (KHTML, like Gecko) Chrome/140.0.0.0 Safari/537.36', 'http://www.smartfarmai.com.br/login.html', '2025-10-08 20:43:40'),
(346, 'juninho123', 5, 1, '127.0.0.1', 'Mozilla/5.0 (Windows NT 10.0; Win64; x64) AppleWebKit/537.36 (KHTML, like Gecko) Chrome/140.0.0.0 Safari/537.36', 'http://www.smartfarmai.com.br/login.html', '2025-10-08 20:44:44'),
(347, 'admin', 1, 1, '127.0.0.1', 'Mozilla/5.0 (Windows NT 10.0; Win64; x64) AppleWebKit/537.36 (KHTML, like Gecko) Chrome/140.0.0.0 Safari/537.36', 'http://www.smartfarmai.com.br/login.html', '2025-10-08 20:44:54'),
(348, 'pedro123', 17, 1, '127.0.0.1', 'Mozilla/5.0 (iPhone; CPU iPhone OS 26_0_0 like Mac OS X) AppleWebKit/605.1.15 (KHTML, like Gecko) CriOS/141.0.7390.41 Mobile/15E148 Safari/604.1', 'http://www.smartfarmai.com.br/login.html', '2025-10-08 20:55:01'),
(349, 'pedro123', 17, 1, '127.0.0.1', 'Mozilla/5.0 (Windows NT 10.0; Win64; x64) AppleWebKit/537.36 (KHTML, like Gecko) Chrome/141.0.0.0 Safari/537.36 Edg/141.0.0.0', 'http://www.smartfarmai.com.br/login.html', '2025-10-08 21:39:57'),
(350, 'pedro123', 17, 1, '127.0.0.1', 'Mozilla/5.0 (Windows NT 10.0; Win64; x64) AppleWebKit/537.36 (KHTML, like Gecko) Chrome/140.0.0.0 Safari/537.36', 'http://www.smartfarmai.com.br/login.html', '2025-10-09 11:53:56'),
(351, 'pedro123', 17, 1, '127.0.0.1', 'Mozilla/5.0 (iPhone; CPU iPhone OS 18_6_2 like Mac OS X) AppleWebKit/605.1.15 (KHTML, like Gecko) Version/18.6 Mobile/15E148 Safari/604.1', 'http://www.smartfarmai.com.br/login.html', '2025-10-11 04:03:31'),
(352, 'pedro123', 17, 1, '127.0.0.1', 'Mozilla/5.0 (Windows NT 10.0; Win64; x64) AppleWebKit/537.36 (KHTML, like Gecko) Chrome/141.0.0.0 Safari/537.36 Edg/141.0.0.0', 'http://www.smartfarmai.com.br/login.html', '2025-10-11 12:34:50'),
(353, 'pedro123', 17, 1, '127.0.0.1', 'Mozilla/5.0 (Windows NT 10.0; Win64; x64) AppleWebKit/537.36 (KHTML, like Gecko) Chrome/141.0.0.0 Safari/537.36', 'http://www.smartfarmai.com.br/login.html', '2025-10-11 13:38:01'),
(354, 'pedro123', 17, 1, '127.0.0.1', 'Mozilla/5.0 (iPhone; CPU iPhone OS 18_6_2 like Mac OS X) AppleWebKit/605.1.15 (KHTML, like Gecko) Version/18.6 Mobile/15E148 Safari/604.1', 'http://www.smartfarmai.com.br/login.html', '2025-10-13 22:13:27'),
(355, 'juninho123', 5, 1, '127.0.0.1', 'Mozilla/5.0 (Windows NT 10.0; Win64; x64) AppleWebKit/537.36 (KHTML, like Gecko) Chrome/141.0.0.0 Safari/537.36', 'http://www.smartfarmai.com.br/login.html', '2025-10-14 16:25:17'),
(356, 'pedro123', 17, 1, '127.0.0.1', 'Mozilla/5.0 (Windows NT 10.0; Win64; x64) AppleWebKit/537.36 (KHTML, like Gecko) Chrome/141.0.0.0 Safari/537.36', 'http://www.smartfarmai.com.br/login.html', '2025-10-14 16:31:34'),
(357, 'admin', 1, 1, '127.0.0.1', 'Mozilla/5.0 (Windows NT 10.0; Win64; x64) AppleWebKit/537.36 (KHTML, like Gecko) Chrome/141.0.0.0 Safari/537.36', 'http://www.smartfarmai.com.br/login.html', '2025-10-14 16:35:52'),
(358, 'admin', 1, 1, '127.0.0.1', 'Mozilla/5.0 (iPhone; CPU iPhone OS 26_0_1 like Mac OS X) AppleWebKit/605.1.15 (KHTML, like Gecko) CriOS/141.0.7390.69 Mobile/15E148 Safari/604.1', 'http://www.smartfarmai.com.br/login.html', '2025-10-14 19:22:02'),
(359, 'admin', 1, 1, '127.0.0.1', 'Mozilla/5.0 (iPhone; CPU iPhone OS 26_0_1 like Mac OS X) AppleWebKit/605.1.15 (KHTML, like Gecko) CriOS/141.0.7390.69 Mobile/15E148 Safari/604.1', 'http://www.smartfarmai.com.br/login.html', '2025-10-14 19:22:02'),
(360, 'juninho123', 5, 1, '127.0.0.1', 'Mozilla/5.0 (iPhone; CPU iPhone OS 26_0_1 like Mac OS X) AppleWebKit/605.1.15 (KHTML, like Gecko) CriOS/141.0.7390.69 Mobile/15E148 Safari/604.1', 'http://www.smartfarmai.com.br/login.html', '2025-10-14 19:22:38'),
(361, 'Pedro123', NULL, 0, '127.0.0.1', 'Mozilla/5.0 (iPhone; CPU iPhone OS 26_0_1 like Mac OS X) AppleWebKit/605.1.15 (KHTML, like Gecko) CriOS/141.0.7390.69 Mobile/15E148 Safari/604.1', 'http://www.smartfarmai.com.br/login.html', '2025-10-14 19:23:01'),
(362, 'Pedro123', NULL, 0, '127.0.0.1', 'Mozilla/5.0 (iPhone; CPU iPhone OS 26_0_1 like Mac OS X) AppleWebKit/605.1.15 (KHTML, like Gecko) CriOS/141.0.7390.69 Mobile/15E148 Safari/604.1', 'http://www.smartfarmai.com.br/login.html', '2025-10-14 19:23:09'),
(363, 'pedro123', NULL, 0, '127.0.0.1', 'Mozilla/5.0 (iPhone; CPU iPhone OS 26_0_1 like Mac OS X) AppleWebKit/605.1.15 (KHTML, like Gecko) CriOS/141.0.7390.69 Mobile/15E148 Safari/604.1', 'http://www.smartfarmai.com.br/login.html', '2025-10-14 19:23:19'),
(364, 'pedro123', 17, 1, '127.0.0.1', 'Mozilla/5.0 (iPhone; CPU iPhone OS 26_0_1 like Mac OS X) AppleWebKit/605.1.15 (KHTML, like Gecko) CriOS/141.0.7390.69 Mobile/15E148 Safari/604.1', 'http://www.smartfarmai.com.br/login.html', '2025-10-14 19:23:26'),
(365, 'pedro123', 17, 1, '127.0.0.1', 'Mozilla/5.0 (Windows NT 10.0; Win64; x64) AppleWebKit/537.36 (KHTML, like Gecko) Chrome/141.0.0.0 Safari/537.36 Edg/141.0.0.0', 'http://www.smartfarmai.com.br/login.html', '2025-10-22 18:52:05'),
(366, 'pedro123', 17, 1, '127.0.0.1', 'Mozilla/5.0 (Windows NT 10.0; Win64; x64) AppleWebKit/537.36 (KHTML, like Gecko) Chrome/141.0.0.0 Safari/537.36 Edg/141.0.0.0', 'http://www.smartfarmai.com.br/login.html', '2025-10-22 19:07:26'),
(367, 'pedro123', 17, 1, '127.0.0.1', 'Mozilla/5.0 (Windows NT 10.0; Win64; x64) AppleWebKit/537.36 (KHTML, like Gecko) Chrome/141.0.0.0 Safari/537.36 Edg/141.0.0.0', 'http://www.smartfarmai.com.br/login.html', '2025-10-22 19:11:55'),
(368, 'vinicius123', 18, 1, '127.0.0.1', 'Mozilla/5.0 (Windows NT 10.0; Win64; x64) AppleWebKit/537.36 (KHTML, like Gecko) Chrome/141.0.0.0 Safari/537.36 Edg/141.0.0.0', 'http://www.smartfarmai.com.br/login.html', '2025-10-22 19:59:07'),
(369, 'pedro123', 17, 1, '127.0.0.1', 'Mozilla/5.0 (Windows NT 10.0; Win64; x64) AppleWebKit/537.36 (KHTML, like Gecko) Chrome/141.0.0.0 Safari/537.36 Edg/141.0.0.0', 'http://www.smartfarmai.com.br/login.html', '2025-10-22 19:59:52'),
(370, 'pedro123', 17, 1, '127.0.0.1', 'Mozilla/5.0 (iPhone; CPU iPhone OS 18_6_2 like Mac OS X) AppleWebKit/605.1.15 (KHTML, like Gecko) Version/18.6 Mobile/15E148 Safari/604.1', 'http://www.smartfarmai.com.br/login.html', '2025-10-23 19:29:34'),
(371, 'pedro123', 17, 1, '127.0.0.1', 'Mozilla/5.0 (Windows NT 10.0; Win64; x64) AppleWebKit/537.36 (KHTML, like Gecko) Chrome/141.0.0.0 Safari/537.36 Edg/141.0.0.0', 'http://www.smartfarmai.com.br/login.html', '2025-10-25 13:18:32'),
(372, 'pedro123', 17, 1, '187.8.232.26', 'Mozilla/5.0 (Windows NT 10.0; Win64; x64) AppleWebKit/537.36 (KHTML, like Gecko) Chrome/141.0.0.0 Safari/537.36', 'http://191.252.193.10/login.html', '2025-10-25 14:32:21'),
(373, 'admin', 1, 1, '187.8.232.26', 'Mozilla/5.0 (Windows NT 10.0; Win64; x64) AppleWebKit/537.36 (KHTML, like Gecko) Chrome/141.0.0.0 Safari/537.36', 'http://191.252.193.10/login.html', '2025-10-25 14:54:31'),
(374, 'pedro123', 17, 1, '127.0.0.1', 'Mozilla/5.0 (Windows NT 10.0; Win64; x64) AppleWebKit/537.36 (KHTML, like Gecko) Chrome/141.0.0.0 Safari/537.36', 'http://www.smartfarmai.com.br/login.html', '2025-10-29 23:10:42'),
(375, 'admin', 1, 1, '127.0.0.1', 'Mozilla/5.0 (Windows NT 10.0; Win64; x64) AppleWebKit/537.36 (KHTML, like Gecko) Chrome/141.0.0.0 Safari/537.36', 'http://www.smartfarmai.com.br/login.html', '2025-10-29 23:11:27'),
(376, 'admin', 1, 1, '127.0.0.1', 'Mozilla/5.0 (Windows NT 10.0; Win64; x64) AppleWebKit/537.36 (KHTML, like Gecko) Chrome/141.0.0.0 Safari/537.36 Edg/141.0.0.0', 'http://www.smartfarmai.com.br/login.html', '2025-10-29 23:12:13'),
(377, 'pedro123', 17, 1, '127.0.0.1', 'Mozilla/5.0 (Windows NT 10.0; Win64; x64) AppleWebKit/537.36 (KHTML, like Gecko) Chrome/141.0.0.0 Safari/537.36 Edg/141.0.0.0', 'http://www.smartfarmai.com.br/login.html', '2025-10-29 23:20:19'),
(378, 'admin', 1, 1, '127.0.0.1', 'Mozilla/5.0 (Windows NT 10.0; Win64; x64) AppleWebKit/537.36 (KHTML, like Gecko) Chrome/141.0.0.0 Safari/537.36 Edg/141.0.0.0', 'http://www.smartfarmai.com.br/login.html', '2025-10-29 23:21:06'),
(379, 'pedro123', 17, 1, '127.0.0.1', 'Mozilla/5.0 (Windows NT 10.0; Win64; x64) AppleWebKit/537.36 (KHTML, like Gecko) Chrome/141.0.0.0 Safari/537.36 Edg/141.0.0.0', 'http://www.smartfarmai.com.br/login.html', '2025-10-29 23:23:04'),
(380, 'pedro123', 17, 1, '200.176.2.26', 'Mozilla/5.0 (Windows NT 10.0; Win64; x64) AppleWebKit/537.36 (KHTML, like Gecko) Chrome/142.0.0.0 Safari/537.36', 'http://191.252.193.10/login.html', '2025-11-04 22:15:19'),
(381, 'pedro123', 17, 1, '127.0.0.1', 'Mozilla/5.0 (Windows NT 10.0; Win64; x64) AppleWebKit/537.36 (KHTML, like Gecko) Chrome/142.0.0.0 Safari/537.36', 'http://www.smartfarmai.com.br/login.html', '2025-11-04 23:25:08'),
(382, 'pedro123', 17, 1, '127.0.0.1', 'Mozilla/5.0 (Windows NT 10.0; Win64; x64) AppleWebKit/537.36 (KHTML, like Gecko) Chrome/142.0.0.0 Safari/537.36', 'http://localhost:3000/login.html', '2025-11-05 00:21:03'),
(383, 'admin', 1, 1, '127.0.0.1', 'Mozilla/5.0 (Windows NT 10.0; Win64; x64) AppleWebKit/537.36 (KHTML, like Gecko) Chrome/142.0.0.0 Safari/537.36', 'http://localhost:3000/login.html', '2025-11-05 00:36:15'),
(384, 'pedro123', 17, 1, '127.0.0.1', 'Mozilla/5.0 (Windows NT 10.0; Win64; x64) AppleWebKit/537.36 (KHTML, like Gecko) Chrome/142.0.0.0 Safari/537.36', 'http://localhost:3000/login.html', '2025-11-05 00:38:08'),
(385, 'pedro123', 17, 1, '127.0.0.1', 'Mozilla/5.0 (Windows NT 10.0; Win64; x64) AppleWebKit/537.36 (KHTML, like Gecko) Chrome/142.0.0.0 Safari/537.36', 'http://localhost:3000/login.html', '2025-11-05 00:40:19'),
(386, 'pedro123', 17, 1, '127.0.0.1', 'Mozilla/5.0 (Windows NT 10.0; Win64; x64) AppleWebKit/537.36 (KHTML, like Gecko) Chrome/142.0.0.0 Safari/537.36', 'http://localhost:3000/login.html', '2025-11-05 01:18:12'),
(387, 'pedro123', 17, 1, '127.0.0.1', 'Mozilla/5.0 (Windows NT 10.0; Win64; x64) AppleWebKit/537.36 (KHTML, like Gecko) Chrome/142.0.0.0 Safari/537.36', 'http://localhost:3000/login.html', '2025-11-05 01:19:52'),
(388, 'pedro123', 17, 1, '127.0.0.1', 'Mozilla/5.0 (Windows NT 10.0; Win64; x64) AppleWebKit/537.36 (KHTML, like Gecko) Chrome/142.0.0.0 Safari/537.36', 'http://localhost:3000/login.html', '2025-11-05 01:26:57'),
(389, 'pedro123', 17, 1, '127.0.0.1', 'Mozilla/5.0 (Windows NT 10.0; Win64; x64) AppleWebKit/537.36 (KHTML, like Gecko) Chrome/142.0.0.0 Safari/537.36', 'http://localhost:3000/login.html', '2025-11-05 01:29:17'),
(390, 'pedro123', 17, 1, '127.0.0.1', 'Mozilla/5.0 (Windows NT 10.0; Win64; x64) AppleWebKit/537.36 (KHTML, like Gecko) Chrome/142.0.0.0 Safari/537.36', 'http://localhost:3000/login.html', '2025-11-05 01:36:18'),
(391, 'pedro123', 17, 1, '127.0.0.1', 'Mozilla/5.0 (Windows NT 10.0; Win64; x64) AppleWebKit/537.36 (KHTML, like Gecko) Chrome/142.0.0.0 Safari/537.36', 'http://localhost:3000/login.html', '2025-11-05 01:51:30'),
(392, 'pedro123', 17, 1, '127.0.0.1', 'Mozilla/5.0 (Windows NT 10.0; Win64; x64) AppleWebKit/537.36 (KHTML, like Gecko) Chrome/142.0.0.0 Safari/537.36', 'http://localhost:3000/login.html', '2025-11-05 02:03:08'),
(393, 'pedro123', 17, 1, '127.0.0.1', 'Mozilla/5.0 (Windows NT 10.0; Win64; x64) AppleWebKit/537.36 (KHTML, like Gecko) Chrome/142.0.0.0 Safari/537.36', 'http://localhost:3000/login.html', '2025-11-05 02:12:22'),
(394, 'admin', 1, 1, '127.0.0.1', 'Mozilla/5.0 (Windows NT 10.0; Win64; x64) AppleWebKit/537.36 (KHTML, like Gecko) Chrome/142.0.0.0 Safari/537.36', 'http://localhost:3000/login.html', '2025-11-05 02:29:47'),
(395, 'pedro123', NULL, 0, '127.0.0.1', 'Mozilla/5.0 (Windows NT 10.0; Win64; x64) AppleWebKit/537.36 (KHTML, like Gecko) Chrome/142.0.0.0 Safari/537.36', 'http://localhost:3000/login.html', '2025-11-05 02:40:07'),
(396, 'pedro123', NULL, 0, '127.0.0.1', 'Mozilla/5.0 (Windows NT 10.0; Win64; x64) AppleWebKit/537.36 (KHTML, like Gecko) Chrome/142.0.0.0 Safari/537.36', 'http://localhost:3000/login.html', '2025-11-05 02:40:10'),
(397, 'pedro123', 17, 1, '127.0.0.1', 'Mozilla/5.0 (Windows NT 10.0; Win64; x64) AppleWebKit/537.36 (KHTML, like Gecko) Chrome/142.0.0.0 Safari/537.36', 'http://localhost:3000/login.html', '2025-11-05 02:43:12'),
(398, 'pedro123', 17, 1, '127.0.0.1', 'Mozilla/5.0 (Windows NT 10.0; Win64; x64) AppleWebKit/537.36 (KHTML, like Gecko) Chrome/142.0.0.0 Safari/537.36', 'http://localhost:3000/login.html', '2025-11-05 02:56:37'),
(399, 'pedro123', 17, 1, '127.0.0.1', 'Mozilla/5.0 (Windows NT 10.0; Win64; x64) AppleWebKit/537.36 (KHTML, like Gecko) Chrome/142.0.0.0 Safari/537.36', 'http://localhost:3000/login.html', '2025-11-05 03:04:30'),
(400, 'pedro123', 17, 1, '127.0.0.1', 'Mozilla/5.0 (Windows NT 10.0; Win64; x64) AppleWebKit/537.36 (KHTML, like Gecko) Chrome/142.0.0.0 Safari/537.36', 'http://localhost:3000/login.html', '2025-11-05 03:07:50'),
(401, 'pedro123', 17, 1, '127.0.0.1', 'Mozilla/5.0 (Windows NT 10.0; Win64; x64) AppleWebKit/537.36 (KHTML, like Gecko) Chrome/142.0.0.0 Safari/537.36', 'http://localhost:3000/login.html', '2025-11-05 03:11:41'),
(402, 'pedro123', 17, 1, '127.0.0.1', 'Mozilla/5.0 (Windows NT 10.0; Win64; x64) AppleWebKit/537.36 (KHTML, like Gecko) Chrome/142.0.0.0 Safari/537.36', 'http://localhost:3000/login.html', '2025-11-05 03:21:03'),
(403, 'pedro123', 17, 1, '127.0.0.1', 'Mozilla/5.0 (Windows NT 10.0; Win64; x64) AppleWebKit/537.36 (KHTML, like Gecko) Chrome/142.0.0.0 Safari/537.36', 'http://localhost:3000/login.html', '2025-11-05 03:31:30'),
(404, 'pedro123', 17, 1, '127.0.0.1', 'Mozilla/5.0 (Windows NT 10.0; Win64; x64) AppleWebKit/537.36 (KHTML, like Gecko) Chrome/142.0.0.0 Safari/537.36', 'http://localhost:3000/login.html', '2025-11-05 03:38:10'),
(405, 'pedro123', 17, 1, '127.0.0.1', 'Mozilla/5.0 (Windows NT 10.0; Win64; x64) AppleWebKit/537.36 (KHTML, like Gecko) Chrome/142.0.0.0 Safari/537.36', 'http://localhost:3000/login.html', '2025-11-05 03:38:30'),
(406, 'pedro123', 17, 1, '127.0.0.1', 'Mozilla/5.0 (Windows NT 10.0; Win64; x64) AppleWebKit/537.36 (KHTML, like Gecko) Chrome/142.0.0.0 Safari/537.36', 'http://localhost:3000/login.html', '2025-11-05 03:48:20'),
(407, 'pedro123', 17, 1, '127.0.0.1', 'Mozilla/5.0 (Windows NT 10.0; Win64; x64) AppleWebKit/537.36 (KHTML, like Gecko) Chrome/142.0.0.0 Safari/537.36', 'http://localhost:3000/login.html', '2025-11-05 03:50:55'),
(408, 'admin', 1, 1, '127.0.0.1', 'Mozilla/5.0 (Windows NT 10.0; Win64; x64) AppleWebKit/537.36 (KHTML, like Gecko) Chrome/142.0.0.0 Safari/537.36', 'http://localhost:3000/login.html', '2025-11-05 03:54:21'),
(409, 'pedro123', 17, 1, '127.0.0.1', 'Mozilla/5.0 (Windows NT 10.0; Win64; x64) AppleWebKit/537.36 (KHTML, like Gecko) Chrome/142.0.0.0 Safari/537.36', 'http://localhost:3000/login.html', '2025-11-05 04:05:38'),
(410, 'pedro123', 17, 1, '127.0.0.1', 'Mozilla/5.0 (Windows NT 10.0; Win64; x64) AppleWebKit/537.36 (KHTML, like Gecko) Chrome/142.0.0.0 Safari/537.36', 'http://localhost:3000/login.html', '2025-11-05 04:18:19'),
(411, 'pedro123', 17, 1, '127.0.0.1', 'Mozilla/5.0 (Windows NT 10.0; Win64; x64) AppleWebKit/537.36 (KHTML, like Gecko) Chrome/142.0.0.0 Safari/537.36', 'http://localhost:3000/login.html', '2025-11-05 04:20:34'),
(412, 'pedro123', 17, 1, '127.0.0.1', 'Mozilla/5.0 (Windows NT 10.0; Win64; x64) AppleWebKit/537.36 (KHTML, like Gecko) Chrome/142.0.0.0 Safari/537.36', 'http://localhost:3000/login.html', '2025-11-05 04:22:51'),
(413, 'admin', 1, 1, '127.0.0.1', 'Mozilla/5.0 (Windows NT 10.0; Win64; x64) AppleWebKit/537.36 (KHTML, like Gecko) Chrome/142.0.0.0 Safari/537.36', 'http://localhost:3000/login.html', '2025-11-05 04:25:31'),
(414, 'admin', 1, 1, '127.0.0.1', 'Mozilla/5.0 (Windows NT 10.0; Win64; x64) AppleWebKit/537.36 (KHTML, like Gecko) Chrome/142.0.0.0 Safari/537.36', 'http://localhost:3000/login.html', '2025-11-05 04:31:31'),
(415, 'admin', 1, 1, '127.0.0.1', 'Mozilla/5.0 (Windows NT 10.0; Win64; x64) AppleWebKit/537.36 (KHTML, like Gecko) Chrome/142.0.0.0 Safari/537.36', 'http://localhost:3000/login.html', '2025-11-05 04:32:20'),
(416, 'admin', 1, 1, '127.0.0.1', 'Mozilla/5.0 (Windows NT 10.0; Win64; x64) AppleWebKit/537.36 (KHTML, like Gecko) Chrome/142.0.0.0 Safari/537.36', 'http://localhost:3000/login.html', '2025-11-05 04:32:39'),
(417, 'admin', 1, 1, '127.0.0.1', 'Mozilla/5.0 (Windows NT 10.0; Win64; x64) AppleWebKit/537.36 (KHTML, like Gecko) Chrome/142.0.0.0 Safari/537.36', 'http://localhost:3000/login.html', '2025-11-05 04:34:56'),
(418, 'pedro123', NULL, 0, '127.0.0.1', 'Mozilla/5.0 (Windows NT 10.0; Win64; x64) AppleWebKit/537.36 (KHTML, like Gecko) Chrome/142.0.0.0 Safari/537.36', 'http://localhost:3000/login.html', '2025-11-05 04:37:22'),
(419, 'pedro123', 17, 1, '127.0.0.1', 'Mozilla/5.0 (Windows NT 10.0; Win64; x64) AppleWebKit/537.36 (KHTML, like Gecko) Chrome/142.0.0.0 Safari/537.36', 'http://localhost:3000/login.html', '2025-11-05 04:37:27'),
(420, 'admin', 1, 1, '127.0.0.1', 'Mozilla/5.0 (Windows NT 10.0; Win64; x64) AppleWebKit/537.36 (KHTML, like Gecko) Chrome/142.0.0.0 Safari/537.36', 'http://localhost:3000/login.html', '2025-11-05 04:39:02'),
(421, 'admin', 1, 1, '127.0.0.1', 'Mozilla/5.0 (Windows NT 10.0; Win64; x64) AppleWebKit/537.36 (KHTML, like Gecko) Chrome/142.0.0.0 Safari/537.36', 'http://localhost:3000/login.html', '2025-11-05 04:39:59'),
(422, 'admin', 1, 1, '127.0.0.1', 'Mozilla/5.0 (Windows NT 10.0; Win64; x64) AppleWebKit/537.36 (KHTML, like Gecko) Chrome/142.0.0.0 Safari/537.36', 'http://localhost:3000/login.html', '2025-11-05 04:43:04'),
(423, 'admin', 1, 1, '127.0.0.1', 'Mozilla/5.0 (Windows NT 10.0; Win64; x64) AppleWebKit/537.36 (KHTML, like Gecko) Chrome/142.0.0.0 Safari/537.36', 'http://localhost:3000/login.html', '2025-11-05 04:44:28'),
(424, 'admin', 1, 1, '127.0.0.1', 'Mozilla/5.0 (Windows NT 10.0; Win64; x64) AppleWebKit/537.36 (KHTML, like Gecko) Chrome/142.0.0.0 Safari/537.36', 'http://localhost:3000/login.html', '2025-11-05 04:45:46'),
(425, 'admin', 1, 1, '127.0.0.1', 'Mozilla/5.0 (Windows NT 10.0; Win64; x64) AppleWebKit/537.36 (KHTML, like Gecko) Chrome/142.0.0.0 Safari/537.36', 'http://localhost:3000/login.html', '2025-11-05 04:46:32'),
(426, 'admin', 1, 1, '127.0.0.1', 'Mozilla/5.0 (Windows NT 10.0; Win64; x64) AppleWebKit/537.36 (KHTML, like Gecko) Chrome/142.0.0.0 Safari/537.36', 'http://localhost:3000/login.html', '2025-11-05 04:48:24'),
(427, 'admin', 1, 1, '127.0.0.1', 'Mozilla/5.0 (Windows NT 10.0; Win64; x64) AppleWebKit/537.36 (KHTML, like Gecko) Chrome/142.0.0.0 Safari/537.36', 'http://localhost:3000/login.html', '2025-11-05 04:50:26'),
(428, 'pedro123', 17, 1, '127.0.0.1', 'Mozilla/5.0 (Windows NT 10.0; Win64; x64) AppleWebKit/537.36 (KHTML, like Gecko) Chrome/142.0.0.0 Safari/537.36', 'http://localhost:3000/login.html', '2025-11-05 04:50:35'),
(429, 'pedro123', 17, 1, '127.0.0.1', 'Mozilla/5.0 (Windows NT 10.0; Win64; x64) AppleWebKit/537.36 (KHTML, like Gecko) Chrome/142.0.0.0 Safari/537.36', 'http://localhost:3000/login.html', '2025-11-05 04:51:05'),
(430, 'admin', 1, 1, '127.0.0.1', 'Mozilla/5.0 (Windows NT 10.0; Win64; x64) AppleWebKit/537.36 (KHTML, like Gecko) Chrome/142.0.0.0 Safari/537.36', 'http://localhost:3000/login.html', '2025-11-05 04:54:14'),
(431, 'pedro123', 17, 1, '127.0.0.1', 'Mozilla/5.0 (Windows NT 10.0; Win64; x64) AppleWebKit/537.36 (KHTML, like Gecko) Chrome/142.0.0.0 Safari/537.36', 'http://localhost:3000/login.html', '2025-11-05 04:54:19'),
(432, 'juninho123', 5, 1, '127.0.0.1', 'Mozilla/5.0 (Windows NT 10.0; Win64; x64) AppleWebKit/537.36 (KHTML, like Gecko) Chrome/142.0.0.0 Safari/537.36', 'http://localhost:3000/login.html', '2025-11-05 04:55:40'),
(433, 'admin', 1, 1, '127.0.0.1', 'Mozilla/5.0 (Windows NT 10.0; Win64; x64) AppleWebKit/537.36 (KHTML, like Gecko) Chrome/142.0.0.0 Safari/537.36', 'http://localhost:3000/login.html', '2025-11-05 04:56:20'),
(434, 'admin', 1, 1, '127.0.0.1', 'Mozilla/5.0 (Windows NT 10.0; Win64; x64) AppleWebKit/537.36 (KHTML, like Gecko) Chrome/142.0.0.0 Safari/537.36', 'http://localhost:3000/login.html', '2025-11-05 04:58:53'),
(435, 'admin', 1, 1, '127.0.0.1', 'Mozilla/5.0 (Windows NT 10.0; Win64; x64) AppleWebKit/537.36 (KHTML, like Gecko) Chrome/142.0.0.0 Safari/537.36', 'http://localhost:3000/login.html', '2025-11-05 05:00:39'),
(436, 'admin', 1, 1, '127.0.0.1', 'Mozilla/5.0 (Windows NT 10.0; Win64; x64) AppleWebKit/537.36 (KHTML, like Gecko) Chrome/142.0.0.0 Safari/537.36', 'http://localhost:3000/login.html', '2025-11-05 05:03:37'),
(437, 'admin', 1, 1, '127.0.0.1', 'Mozilla/5.0 (Windows NT 10.0; Win64; x64) AppleWebKit/537.36 (KHTML, like Gecko) Chrome/142.0.0.0 Safari/537.36', 'http://localhost:3000/login.html', '2025-11-05 05:08:02'),
(438, 'admin', 1, 1, '127.0.0.1', 'Mozilla/5.0 (Windows NT 10.0; Win64; x64) AppleWebKit/537.36 (KHTML, like Gecko) Chrome/142.0.0.0 Safari/537.36', 'http://localhost:3000/login.html', '2025-11-05 05:10:10'),
(439, 'admin', 1, 1, '127.0.0.1', 'Mozilla/5.0 (Windows NT 10.0; Win64; x64) AppleWebKit/537.36 (KHTML, like Gecko) Chrome/142.0.0.0 Safari/537.36', 'http://localhost:3000/login.html', '2025-11-05 05:11:29'),
(440, 'admin', 1, 1, '127.0.0.1', 'Mozilla/5.0 (Windows NT 10.0; Win64; x64) AppleWebKit/537.36 (KHTML, like Gecko) Chrome/142.0.0.0 Safari/537.36', 'http://localhost:3000/login.html', '2025-11-05 05:12:48'),
(441, 'admin', 1, 1, '127.0.0.1', 'Mozilla/5.0 (Windows NT 10.0; Win64; x64) AppleWebKit/537.36 (KHTML, like Gecko) Chrome/142.0.0.0 Safari/537.36', 'http://localhost:3000/login.html', '2025-11-05 05:16:21'),
(442, 'admin', 1, 1, '127.0.0.1', 'Mozilla/5.0 (Windows NT 10.0; Win64; x64) AppleWebKit/537.36 (KHTML, like Gecko) Chrome/142.0.0.0 Safari/537.36', 'http://localhost:3000/login.html', '2025-11-05 05:22:55'),
(443, 'testando123', 7, 1, '127.0.0.1', 'Mozilla/5.0 (Windows NT 10.0; Win64; x64) AppleWebKit/537.36 (KHTML, like Gecko) Chrome/142.0.0.0 Safari/537.36', 'http://localhost:3000/login.html', '2025-11-05 05:23:26'),
(444, 'admin', 1, 1, '127.0.0.1', 'Mozilla/5.0 (Windows NT 10.0; Win64; x64) AppleWebKit/537.36 (KHTML, like Gecko) Chrome/142.0.0.0 Safari/537.36', 'http://localhost:3000/login.html', '2025-11-05 05:23:37'),
(445, 'admin', 1, 1, '127.0.0.1', 'Mozilla/5.0 (Windows NT 10.0; Win64; x64) AppleWebKit/537.36 (KHTML, like Gecko) Chrome/142.0.0.0 Safari/537.36', 'http://localhost:3000/login.html', '2025-11-05 05:26:55'),
(446, 'pedro123', 17, 1, '127.0.0.1', 'Mozilla/5.0 (Windows NT 10.0; Win64; x64) AppleWebKit/537.36 (KHTML, like Gecko) Chrome/142.0.0.0 Safari/537.36', 'http://localhost:3000/login.html', '2025-11-05 05:28:55'),
(447, 'admin', 1, 1, '127.0.0.1', 'Mozilla/5.0 (Windows NT 10.0; Win64; x64) AppleWebKit/537.36 (KHTML, like Gecko) Chrome/142.0.0.0 Safari/537.36', 'http://localhost:3000/login.html', '2025-11-05 05:30:03'),
(448, 'pedro123', 17, 1, '127.0.0.1', 'Mozilla/5.0 (Windows NT 10.0; Win64; x64) AppleWebKit/537.36 (KHTML, like Gecko) Chrome/142.0.0.0 Safari/537.36', 'http://localhost:3000/login.html', '2025-11-05 05:30:19'),
(449, 'admin', 1, 1, '127.0.0.1', 'Mozilla/5.0 (Windows NT 10.0; Win64; x64) AppleWebKit/537.36 (KHTML, like Gecko) Chrome/142.0.0.0 Safari/537.36', 'http://localhost:3000/login.html', '2025-11-05 05:31:23'),
(450, 'pedro123', 17, 1, '127.0.0.1', 'Mozilla/5.0 (Windows NT 10.0; Win64; x64) AppleWebKit/537.36 (KHTML, like Gecko) Chrome/142.0.0.0 Safari/537.36', 'http://localhost:3000/login.html', '2025-11-05 05:31:39'),
(451, 'admin', 1, 1, '127.0.0.1', 'Mozilla/5.0 (Windows NT 10.0; Win64; x64) AppleWebKit/537.36 (KHTML, like Gecko) Chrome/142.0.0.0 Safari/537.36', 'http://localhost:3000/login.html', '2025-11-05 05:32:15'),
(452, 'admin', 1, 1, '127.0.0.1', 'Mozilla/5.0 (Windows NT 10.0; Win64; x64) AppleWebKit/537.36 (KHTML, like Gecko) Chrome/142.0.0.0 Safari/537.36', 'http://localhost:3000/login.html', '2025-11-05 05:32:28'),
(453, 'admin', 1, 1, '127.0.0.1', 'Mozilla/5.0 (Windows NT 10.0; Win64; x64) AppleWebKit/537.36 (KHTML, like Gecko) Chrome/142.0.0.0 Safari/537.36', 'http://localhost:3000/login.html', '2025-11-05 05:34:09'),
(454, 'admin', 1, 1, '127.0.0.1', 'Mozilla/5.0 (Windows NT 10.0; Win64; x64) AppleWebKit/537.36 (KHTML, like Gecko) Chrome/142.0.0.0 Safari/537.36', 'http://localhost:3000/login.html', '2025-11-05 05:34:51'),
(455, 'pedro123', 17, 1, '127.0.0.1', 'Mozilla/5.0 (Windows NT 10.0; Win64; x64) AppleWebKit/537.36 (KHTML, like Gecko) Chrome/142.0.0.0 Safari/537.36', 'http://localhost:3000/login.html', '2025-11-05 05:35:21'),
(456, 'admin', 1, 1, '127.0.0.1', 'Mozilla/5.0 (Windows NT 10.0; Win64; x64) AppleWebKit/537.36 (KHTML, like Gecko) Chrome/142.0.0.0 Safari/537.36', 'http://localhost:3000/login.html', '2025-11-05 05:40:53'),
(457, 'admin', 1, 1, '127.0.0.1', 'Mozilla/5.0 (Windows NT 10.0; Win64; x64) AppleWebKit/537.36 (KHTML, like Gecko) Chrome/142.0.0.0 Safari/537.36', 'http://localhost:3000/login.html', '2025-11-05 05:51:36'),
(458, 'pedro123', 17, 1, '127.0.0.1', 'Mozilla/5.0 (Windows NT 10.0; Win64; x64) AppleWebKit/537.36 (KHTML, like Gecko) Chrome/142.0.0.0 Safari/537.36', 'http://localhost:3000/login.html', '2025-11-05 05:52:20'),
(459, 'admin', 1, 1, '127.0.0.1', 'Mozilla/5.0 (Windows NT 10.0; Win64; x64) AppleWebKit/537.36 (KHTML, like Gecko) Chrome/142.0.0.0 Safari/537.36', 'http://localhost:3000/login.html', '2025-11-05 05:53:23'),
(460, 'admin', 1, 1, '127.0.0.1', 'Mozilla/5.0 (Windows NT 10.0; Win64; x64) AppleWebKit/537.36 (KHTML, like Gecko) Chrome/142.0.0.0 Safari/537.36', 'http://localhost:3000/login.html', '2025-11-05 05:56:57'),
(461, 'pedro123', 17, 1, '127.0.0.1', 'Mozilla/5.0 (Windows NT 10.0; Win64; x64) AppleWebKit/537.36 (KHTML, like Gecko) Chrome/142.0.0.0 Safari/537.36', 'http://localhost:3000/login.html', '2025-11-05 05:57:14'),
(462, 'admin', 1, 1, '127.0.0.1', 'Mozilla/5.0 (Windows NT 10.0; Win64; x64) AppleWebKit/537.36 (KHTML, like Gecko) Chrome/142.0.0.0 Safari/537.36', 'http://localhost:3000/login.html', '2025-11-05 05:57:34');

-- --------------------------------------------------------

--
-- Estrutura para tabela `logs_login`
--

CREATE TABLE `logs_login` (
  `id` int(11) NOT NULL,
  `usuario` varchar(100) DEFAULT NULL,
  `ip` varchar(50) DEFAULT NULL,
  `user_agent` text DEFAULT NULL,
  `data_hora` datetime DEFAULT NULL
) ENGINE=InnoDB DEFAULT CHARSET=utf8mb4 COLLATE=utf8mb4_general_ci;

-- --------------------------------------------------------

--
-- Estrutura para tabela `sessions`
--

CREATE TABLE `sessions` (
  `session_id` varchar(128) CHARACTER SET utf8mb4 COLLATE utf8mb4_bin NOT NULL,
  `expires` int(11) UNSIGNED NOT NULL,
  `data` mediumtext CHARACTER SET utf8mb4 COLLATE utf8mb4_bin DEFAULT NULL
) ENGINE=InnoDB DEFAULT CHARSET=utf8mb4 COLLATE=utf8mb4_general_ci;

--
-- Despejando dados para a tabela `sessions`
--

INSERT INTO `sessions` (`session_id`, `expires`, `data`) VALUES
('1nd3WE7IrPxuRSGUvrOzlmdt2bhxFEf8', 1762321646, '{\"cookie\":{\"originalMaxAge\":300000,\"expires\":\"2025-11-05T05:47:26.360Z\",\"secure\":false,\"httpOnly\":true,\"path\":\"/\",\"sameSite\":\"lax\"},\"createdAt\":1762321253376,\"lastActivity\":1762321346359,\"user\":{\"id\":1,\"usuario\":\"admin\",\"nome\":\"Administrador\",\"isAdmin\":true}}'),
('aIxpeXy4dvKRpKWiAOl2Gz65l-z6dJBx', 1762322567, '{\"cookie\":{\"originalMaxAge\":300000,\"expires\":\"2025-11-05T06:02:47.032Z\",\"secure\":false,\"httpOnly\":true,\"path\":\"/\",\"sameSite\":\"lax\"},\"createdAt\":1762322266814,\"lastActivity\":1762322267032}'),
('sZ37D5tGHxAtl3i-rbJyRn7nKnxj7c54', 1762319782, '{\"cookie\":{\"originalMaxAge\":300000,\"expires\":\"2025-11-05T05:16:22.377Z\",\"secure\":false,\"httpOnly\":true,\"path\":\"/\",\"sameSite\":\"lax\"},\"createdAt\":1762319482377,\"lastActivity\":1762319482377}'),
('soScehrK6YPfGKkb_OY6RsN963MQTLfa', 1762319862, '{\"cookie\":{\"originalMaxAge\":300000,\"expires\":\"2025-11-05T05:17:41.857Z\",\"secure\":false,\"httpOnly\":true,\"path\":\"/\",\"sameSite\":\"lax\"},\"createdAt\":1762319561857,\"lastActivity\":1762319561857}');

-- --------------------------------------------------------

--
-- Estrutura para tabela `usuarios`
--

CREATE TABLE `usuarios` (
  `id` int(11) NOT NULL,
  `usuario` varchar(50) NOT NULL,
  `senha` varchar(255) NOT NULL,
  `nome` varchar(100) NOT NULL,
  `email` varchar(100) NOT NULL,
  `criado_em` timestamp NOT NULL DEFAULT current_timestamp(),
  `update_em` datetime DEFAULT current_timestamp() ON UPDATE current_timestamp()
) ENGINE=InnoDB DEFAULT CHARSET=utf8mb4 COLLATE=utf8mb4_general_ci;

--
-- Despejando dados para a tabela `usuarios`
--

INSERT INTO `usuarios` (`id`, `usuario`, `senha`, `nome`, `email`, `criado_em`, `update_em`) VALUES
(1, 'admin', '$2a$10$0gAMfI1pl4bw6LBt0aP6je2Aqmwa8c2Q0pAmh/CwKG7lOVYB8nJL2', 'Administrador', 'admin@exemplo.com', '2025-08-08 14:05:05', '2025-10-08 12:53:26'),
(5, 'juninho123', '$2a$10$OThEaPP4cxojj2ySOG6jC.SXNKTDYEL73mOIdC20wTw5.F33eyjvS', 'Juninho', 'nkdez78910@gmail.com', '2025-08-10 17:32:46', '2025-10-14 13:31:26'),
(7, 'testando123', '$2a$10$1Nx8re7/0vcT1pzgLHXbV.D1hZg4oDHPHvenJJ8Yuo7O3Y0ToNn.y', 'testando', 'testando@testando.com', '2025-08-21 22:57:01', '2025-11-05 02:23:21'),
(17, 'pedro123', '$2a$10$ziPte00NObp2RDisLNJbwu5J6LdFqX5rkQHvJlFmwqGRDa.G2Cqem', 'Pedro', 'teste@teste.com', '2025-08-30 16:08:37', '2025-11-05 01:55:15'),
(18, 'vinicius123', '$2a$12$kn5XDyHVDF3r7.ZbQW/Fp.5yu2SWy5PPF40neUM8SPOKiH5ZExosa', 'Marcos Vinicius', 'vinicius@email.com', '2025-10-22 19:56:10', '2025-10-22 16:56:10');

--
-- Índices para tabelas despejadas
--

--
-- Índices de tabela `culturas`
--
ALTER TABLE `culturas`
  ADD PRIMARY KEY (`id`);

--
-- Índices de tabela `esp32_agendamentos`
--
ALTER TABLE `esp32_agendamentos`
  ADD PRIMARY KEY (`id`),
  ADD KEY `idx_device_when` (`fk_esp32_dispositivos`,`when_local`);

--
-- Índices de tabela `esp32_dispositivos`
--
ALTER TABLE `esp32_dispositivos`
  ADD PRIMARY KEY (`id`),
  ADD UNIQUE KEY `uq_esp32_serial` (`serialnumber`),
  ADD KEY `fk_usuarios_esp32` (`fk_usuarios`),
  ADD KEY `fk_culturas_esp32_dispositivos` (`fk_culturas`);

--
-- Índices de tabela `esp32_sensores`
--
ALTER TABLE `esp32_sensores`
  ADD PRIMARY KEY (`id`),
  ADD KEY `fk_esp32_dispositivos_esp32_sensores` (`fk_esp32_dispositivos`);

--
-- Índices de tabela `ia_consumo`
--
ALTER TABLE `ia_consumo`
  ADD PRIMARY KEY (`device_id`);

--
-- Índices de tabela `ia_irrigacoes`
--
ALTER TABLE `ia_irrigacoes`
  ADD PRIMARY KEY (`id`),
  ADD KEY `device_id` (`device_id`,`scheduled_at`);

--
-- Índices de tabela `login_logs`
--
ALTER TABLE `login_logs`
  ADD PRIMARY KEY (`id`);

--
-- Índices de tabela `logs_login`
--
ALTER TABLE `logs_login`
  ADD PRIMARY KEY (`id`);

--
-- Índices de tabela `sessions`
--
ALTER TABLE `sessions`
  ADD PRIMARY KEY (`session_id`);

--
-- Índices de tabela `usuarios`
--
ALTER TABLE `usuarios`
  ADD PRIMARY KEY (`id`),
  ADD UNIQUE KEY `usuario` (`usuario`);

--
-- AUTO_INCREMENT para tabelas despejadas
--

--
-- AUTO_INCREMENT de tabela `culturas`
--
ALTER TABLE `culturas`
  MODIFY `id` int(11) NOT NULL AUTO_INCREMENT, AUTO_INCREMENT=31;

--
-- AUTO_INCREMENT de tabela `esp32_agendamentos`
--
ALTER TABLE `esp32_agendamentos`
  MODIFY `id` bigint(20) UNSIGNED NOT NULL AUTO_INCREMENT, AUTO_INCREMENT=16;

--
-- AUTO_INCREMENT de tabela `esp32_dispositivos`
--
ALTER TABLE `esp32_dispositivos`
  MODIFY `id` int(4) NOT NULL AUTO_INCREMENT, AUTO_INCREMENT=19;

--
-- AUTO_INCREMENT de tabela `esp32_sensores`
--
ALTER TABLE `esp32_sensores`
  MODIFY `id` int(4) NOT NULL AUTO_INCREMENT, AUTO_INCREMENT=214;

--
-- AUTO_INCREMENT de tabela `ia_irrigacoes`
--
ALTER TABLE `ia_irrigacoes`
  MODIFY `id` bigint(20) NOT NULL AUTO_INCREMENT, AUTO_INCREMENT=3;

--
-- AUTO_INCREMENT de tabela `login_logs`
--
ALTER TABLE `login_logs`
  MODIFY `id` bigint(20) NOT NULL AUTO_INCREMENT, AUTO_INCREMENT=463;

--
-- AUTO_INCREMENT de tabela `logs_login`
--
ALTER TABLE `logs_login`
  MODIFY `id` int(11) NOT NULL AUTO_INCREMENT;

--
-- AUTO_INCREMENT de tabela `usuarios`
--
ALTER TABLE `usuarios`
  MODIFY `id` int(11) NOT NULL AUTO_INCREMENT, AUTO_INCREMENT=20;

--
-- Restrições para tabelas despejadas
--

--
-- Restrições para tabelas `esp32_agendamentos`
--
ALTER TABLE `esp32_agendamentos`
  ADD CONSTRAINT `fk_ag_sched_device` FOREIGN KEY (`fk_esp32_dispositivos`) REFERENCES `esp32_dispositivos` (`id`) ON DELETE CASCADE ON UPDATE CASCADE;

--
-- Restrições para tabelas `esp32_dispositivos`
--
ALTER TABLE `esp32_dispositivos`
  ADD CONSTRAINT `fk_culturas_esp32_dispositivos` FOREIGN KEY (`fk_culturas`) REFERENCES `culturas` (`id`),
  ADD CONSTRAINT `fk_dispositivo_usuarios` FOREIGN KEY (`fk_usuarios`) REFERENCES `usuarios` (`id`) ON DELETE SET NULL ON UPDATE CASCADE,
  ADD CONSTRAINT `fk_usuarios_esp32` FOREIGN KEY (`fk_usuarios`) REFERENCES `usuarios` (`id`);

--
-- Restrições para tabelas `esp32_sensores`
--
ALTER TABLE `esp32_sensores`
  ADD CONSTRAINT `fk_esp32_dispositivos_esp32_sensores` FOREIGN KEY (`fk_esp32_dispositivos`) REFERENCES `esp32_dispositivos` (`id`);
COMMIT;

/*!40101 SET CHARACTER_SET_CLIENT=@OLD_CHARACTER_SET_CLIENT */;
/*!40101 SET CHARACTER_SET_RESULTS=@OLD_CHARACTER_SET_RESULTS */;
/*!40101 SET COLLATION_CONNECTION=@OLD_COLLATION_CONNECTION */;
